,Date,Open_snp,High_snp,Low_snp,Close_snp,Volume_snp,Name_snp
15014,2012-08-13,45.63,45.76,45.23,45.56,1977122.0,AFL
15015,2012-08-14,45.89,46.04,45.09,45.23,1961693.0,AFL
15016,2012-08-15,45.22,45.9,45.13,45.64,1806690.0,AFL
15017,2012-08-16,45.7,46.07,45.38,45.9,2018199.0,AFL
15018,2012-08-17,45.97,46.16,45.53,46.12,1995331.0,AFL
15019,2012-08-20,45.95,46.28,45.74,46.1,2099089.0,AFL
15020,2012-08-21,46.36,46.9,46.1,46.51,3677750.0,AFL
15021,2012-08-22,46.4,46.5,45.78,46.09,1705569.0,AFL
15022,2012-08-23,45.99,46.04,45.47,45.71,1521360.0,AFL
15023,2012-08-24,45.56,46.3,45.52,46.18,2231246.0,AFL
15024,2012-08-27,46.35,46.53,46.02,46.15,1550046.0,AFL
15025,2012-08-28,46.01,46.46,45.91,46.19,1435836.0,AFL
15026,2012-08-29,46.29,46.47,46.07,46.33,1411383.0,AFL
15027,2012-08-30,46.05,46.25,45.76,46.02,1390493.0,AFL
15028,2012-08-31,46.35,46.57,46.0,46.18,2574317.0,AFL
15029,2012-09-04,46.37,46.62,45.93,46.5,1874877.0,AFL
15030,2012-09-05,46.43,46.62,45.8,45.88,2808754.0,AFL
15031,2012-09-06,46.34,47.45,46.26,47.41,3305745.0,AFL
15032,2012-09-07,47.62,48.53,47.57,48.29,3692553.0,AFL
15033,2012-09-10,48.42,48.6,47.99,48.0,2253683.0,AFL
15034,2012-09-11,48.01,48.75,48.01,48.62,2643820.0,AFL
15035,2012-09-12,48.47,48.92,48.26,48.54,2230003.0,AFL
15036,2012-09-13,48.54,49.52,47.91,49.34,2950168.0,AFL
15037,2012-09-14,49.55,50.24,49.41,49.66,2654921.0,AFL
15038,2012-09-17,49.48,49.71,49.02,49.27,2383818.0,AFL
15039,2012-09-18,48.92,49.02,48.45,48.69,2773099.0,AFL
15040,2012-09-19,48.68,48.93,48.41,48.6,2079384.0,AFL
15041,2012-09-20,48.43,48.75,48.03,48.65,2057448.0,AFL
15042,2012-09-21,48.91,48.91,48.17,48.18,2973881.0,AFL
15043,2012-09-24,48.04,48.64,48.0,48.31,1968248.0,AFL
15044,2012-09-25,48.48,48.81,47.55,47.56,2509129.0,AFL
15045,2012-09-26,47.46,47.47,46.35,46.65,3291501.0,AFL
15046,2012-09-27,47.05,47.79,46.96,47.72,2364229.0,AFL
15047,2012-09-28,47.57,48.08,47.2,47.88,2724857.0,AFL
15048,2012-10-01,48.18,48.48,47.45,47.6,1803287.0,AFL
15049,2012-10-02,47.86,48.1,47.25,47.56,1971732.0,AFL
15050,2012-10-03,47.8,47.88,47.25,47.53,1866307.0,AFL
15051,2012-10-04,47.85,48.5,47.7,48.43,1958993.0,AFL
15052,2012-10-05,48.8,49.15,48.32,48.61,2385878.0,AFL
15053,2012-10-08,48.26,48.79,48.2,48.67,896782.0,AFL
15054,2012-10-09,48.56,48.82,48.0,48.06,1508593.0,AFL
15055,2012-10-10,48.02,48.17,47.43,47.61,2663132.0,AFL
15056,2012-10-11,48.01,48.57,47.99,48.29,1913757.0,AFL
15057,2012-10-12,48.25,48.38,47.53,48.14,2094029.0,AFL
15058,2012-10-15,48.35,48.84,47.91,48.78,2082652.0,AFL
15059,2012-10-16,49.0,49.7,48.93,49.41,2623020.0,AFL
15060,2012-10-17,49.72,50.36,49.43,50.28,2954862.0,AFL
15061,2012-10-18,50.07,50.46,49.73,50.11,2809679.0,AFL
15062,2012-10-19,49.91,50.2,49.36,49.69,3355589.0,AFL
15063,2012-10-22,49.55,50.19,49.51,50.19,2849309.0,AFL
15064,2012-10-23,49.42,49.77,49.22,49.66,2816809.0,AFL
15065,2012-10-24,49.6,50.3,48.57,49.44,3961922.0,AFL
15066,2012-10-25,49.89,50.18,49.41,50.03,2673806.0,AFL
15067,2012-10-26,49.89,50.05,49.24,49.58,2168079.0,AFL
15068,2012-10-31,49.7,50.14,49.45,49.78,2553874.0,AFL
15069,2012-11-01,49.96,51.07,49.81,50.94,3068795.0,AFL
15070,2012-11-02,51.18,51.25,50.28,50.63,2475683.0,AFL
15071,2012-11-05,50.48,51.31,50.12,51.19,2599585.0,AFL
15072,2012-11-06,51.17,52.46,51.04,52.19,4443381.0,AFL
15073,2012-11-07,51.45,51.45,50.18,50.48,3532930.0,AFL
15074,2012-11-08,50.59,51.03,49.71,49.72,3049192.0,AFL
15075,2012-11-09,49.43,49.91,49.08,49.62,3877980.0,AFL
15076,2012-11-12,49.78,49.92,49.45,49.84,1794047.0,AFL
15077,2012-11-13,49.45,50.62,49.35,50.03,2683863.0,AFL
15078,2012-11-14,50.17,50.73,49.52,49.64,3731720.0,AFL
15079,2012-11-15,49.69,50.71,49.5,50.14,4079628.0,AFL
15080,2012-11-16,50.16,50.47,49.6,50.41,4735930.0,AFL
15081,2012-11-19,50.93,51.45,50.72,51.44,3220132.0,AFL
15082,2012-11-20,51.23,51.5,50.5,50.96,3031163.0,AFL
15083,2012-11-21,51.23,51.24,50.45,51.23,2065357.0,AFL
15084,2012-11-23,51.5,51.9,51.38,51.89,1162131.0,AFL
15085,2012-11-26,51.55,52.0,51.51,51.85,2619739.0,AFL
15086,2012-11-27,51.82,51.99,51.38,51.51,2372199.0,AFL
15087,2012-11-28,51.36,52.04,51.09,51.99,1916092.0,AFL
15088,2012-11-29,52.09,52.75,52.0,52.67,2429442.0,AFL
15089,2012-11-30,52.67,53.14,52.46,52.99,2913958.0,AFL
15090,2012-12-03,53.18,53.27,52.69,52.75,2983350.0,AFL
15091,2012-12-04,52.7,52.88,52.26,52.57,2278368.0,AFL
15092,2012-12-05,52.75,53.75,52.6,53.58,3371878.0,AFL
15093,2012-12-06,53.51,53.82,52.82,53.8,2408312.0,AFL
15094,2012-12-07,54.14,54.38,53.28,53.58,2406299.0,AFL
15095,2012-12-10,53.39,53.85,53.32,53.57,1812112.0,AFL
15096,2012-12-11,53.84,54.2,53.58,54.09,2771698.0,AFL
15097,2012-12-12,54.42,54.93,54.06,54.19,2855096.0,AFL
15098,2012-12-13,54.17,54.5,53.33,53.42,2050450.0,AFL
15099,2012-12-14,53.41,53.64,53.12,53.23,2377932.0,AFL
15100,2012-12-17,53.51,54.1,53.31,54.09,2098113.0,AFL
15101,2012-12-18,54.09,54.7,53.95,54.63,3220981.0,AFL
15102,2012-12-19,54.75,54.81,54.24,54.38,3203255.0,AFL
15103,2012-12-20,54.52,54.71,53.95,54.7,2149434.0,AFL
15104,2012-12-21,54.37,54.42,53.61,53.81,3816055.0,AFL
15105,2012-12-24,53.8,53.97,53.66,53.78,685633.0,AFL
15106,2012-12-26,53.8,54.02,53.3,53.5,1784579.0,AFL
15107,2012-12-27,53.57,53.59,52.45,53.01,3050608.0,AFL
15108,2012-12-28,52.61,52.81,52.19,52.25,2521642.0,AFL
15109,2012-12-31,52.28,53.13,51.86,53.12,2615029.0,AFL
15110,2013-01-02,54.39,54.44,53.72,54.07,4036341.0,AFL
15111,2013-01-03,53.62,53.62,52.11,52.7,5144835.0,AFL
15112,2013-01-04,52.88,53.14,52.01,52.04,4373166.0,AFL
15113,2013-01-07,51.82,51.87,51.08,51.84,4521061.0,AFL
15114,2013-01-08,51.67,52.44,51.53,52.44,3368645.0,AFL
15115,2013-01-09,52.1,52.7,52.1,52.5,2146256.0,AFL
15116,2013-01-10,52.98,53.41,52.67,53.37,2403368.0,AFL
15117,2013-01-11,53.36,53.36,52.48,52.93,2133039.0,AFL
15118,2013-01-14,53.0,53.25,52.35,52.95,1613032.0,AFL
15119,2013-01-15,52.3,53.11,51.99,53.03,3802522.0,AFL
15120,2013-01-16,52.74,52.81,51.51,51.61,4159143.0,AFL
15121,2013-01-17,51.6,51.98,51.05,51.44,4479802.0,AFL
15122,2013-01-18,51.55,51.78,51.28,51.47,3735948.0,AFL
15123,2013-01-22,51.5,52.79,51.47,52.64,4188030.0,AFL
15124,2013-01-23,52.47,53.32,52.42,53.13,2339431.0,AFL
15125,2013-01-24,53.19,53.95,53.02,53.61,3537481.0,AFL
15126,2013-01-25,53.72,53.76,52.96,53.48,2426719.0,AFL
15127,2013-01-28,53.77,53.77,52.75,52.99,2967030.0,AFL
15128,2013-01-29,52.87,53.44,52.61,53.35,2333671.0,AFL
15129,2013-01-30,53.25,53.33,52.36,52.46,2450135.0,AFL
15130,2013-01-31,52.41,53.21,52.19,53.06,2714929.0,AFL
15131,2013-02-01,53.55,53.56,52.96,53.06,2550497.0,AFL
15132,2013-02-04,52.85,52.97,52.45,52.85,2816522.0,AFL
15133,2013-02-05,52.94,54.07,52.8,53.49,3722237.0,AFL
15134,2013-02-06,51.53,52.13,49.5,51.18,8735426.0,AFL
15135,2013-02-07,51.18,51.24,49.92,50.18,4993965.0,AFL
15136,2013-02-08,50.38,50.5,50.08,50.35,4175138.0,AFL
15137,2013-02-11,50.36,50.39,50.11,50.26,3321756.0,AFL
15138,2013-02-12,50.11,50.22,49.42,49.5,7704847.0,AFL
15139,2013-02-13,49.43,49.54,48.49,48.65,6063028.0,AFL
15140,2013-02-14,48.43,48.93,48.17,48.83,4984415.0,AFL
15141,2013-02-15,48.94,49.41,48.75,49.34,5319567.0,AFL
15142,2013-02-19,49.26,49.62,48.83,49.53,4588503.0,AFL
15143,2013-02-20,50.03,50.25,49.79,49.82,4685829.0,AFL
15144,2013-02-21,49.83,49.83,49.1,49.58,4033127.0,AFL
15145,2013-02-22,49.93,50.07,49.59,50.07,2775428.0,AFL
15146,2013-02-25,50.27,50.28,48.84,48.88,3603810.0,AFL
15147,2013-02-26,49.2,49.46,48.51,48.81,4689968.0,AFL
15148,2013-02-27,48.86,50.08,48.78,49.93,4348020.0,AFL
15149,2013-02-28,49.86,50.42,49.64,49.95,3098224.0,AFL
15150,2013-03-01,50.09,50.67,49.57,50.19,3613882.0,AFL
15151,2013-03-04,50.0,50.27,49.77,50.21,2608965.0,AFL
15152,2013-03-05,50.6,51.25,50.52,51.01,3103331.0,AFL
15153,2013-03-06,51.25,51.53,51.01,51.1,2101086.0,AFL
15154,2013-03-07,51.3,51.62,50.69,51.57,3184258.0,AFL
15155,2013-03-08,51.75,51.94,50.09,50.14,6912160.0,AFL
15156,2013-03-11,50.1,51.05,49.99,51.05,3512633.0,AFL
15157,2013-03-12,50.89,51.0,50.58,50.75,2714840.0,AFL
15158,2013-03-13,50.8,50.9,50.43,50.64,2154729.0,AFL
15159,2013-03-14,50.89,51.03,50.5,50.66,2662207.0,AFL
15160,2013-03-15,50.66,51.09,50.52,51.08,4130277.0,AFL
15161,2013-03-18,50.47,50.64,50.11,50.22,3286365.0,AFL
15162,2013-03-19,50.42,50.45,49.58,49.81,3453246.0,AFL
15163,2013-03-20,50.17,50.89,50.01,50.72,3339186.0,AFL
15164,2013-03-21,50.51,51.35,50.25,51.06,4576228.0,AFL
15165,2013-03-22,51.24,51.85,51.1,51.85,3100942.0,AFL
15166,2013-03-25,51.99,51.99,51.18,51.52,2277719.0,AFL
15167,2013-03-26,51.83,52.49,51.62,52.49,3886401.0,AFL
15168,2013-03-27,52.08,52.12,51.65,51.91,2299698.0,AFL
15169,2013-03-28,51.91,52.09,51.61,52.02,1946510.0,AFL
15170,2013-04-01,52.06,52.26,51.72,52.15,2455924.0,AFL
15171,2013-04-02,52.45,53.61,52.37,52.9,3661432.0,AFL
15172,2013-04-03,53.0,53.0,52.46,52.7,4031499.0,AFL
15173,2013-04-04,52.5,52.56,51.2,51.5,5335293.0,AFL
15174,2013-04-05,50.8,50.8,49.17,49.49,6090881.0,AFL
15175,2013-04-08,49.68,49.68,48.54,49.6,3880336.0,AFL
15176,2013-04-09,49.58,50.11,49.36,49.75,2500436.0,AFL
15177,2013-04-10,49.87,50.38,49.72,50.21,3178010.0,AFL
15178,2013-04-11,50.29,50.38,49.66,49.81,2851295.0,AFL
15179,2013-04-12,49.5,50.13,49.44,50.11,2204068.0,AFL
15180,2013-04-15,49.92,50.1,48.95,48.97,3283782.0,AFL
15181,2013-04-16,49.35,50.27,49.22,50.21,2471531.0,AFL
15182,2013-04-17,49.75,49.75,48.91,49.16,3294760.0,AFL
15183,2013-04-18,49.19,49.33,48.56,48.9,2467933.0,AFL
15184,2013-04-19,49.15,49.5,48.99,49.39,3791914.0,AFL
15185,2013-04-22,49.48,49.84,48.95,49.72,1913221.0,AFL
15186,2013-04-23,49.92,50.82,49.78,50.67,3601735.0,AFL
15187,2013-04-24,50.76,51.59,50.74,51.56,3391441.0,AFL
15188,2013-04-25,51.23,53.0,51.22,52.57,6329353.0,AFL
15189,2013-04-26,52.89,53.31,52.69,53.2,4385511.0,AFL
15190,2013-04-29,53.34,54.4,53.2,54.04,3766831.0,AFL
15191,2013-04-30,54.0,54.71,53.96,54.44,3018971.0,AFL
15192,2013-05-01,54.29,54.97,54.28,54.38,2195714.0,AFL
15193,2013-05-02,54.64,55.1,54.38,54.94,2616892.0,AFL
15194,2013-05-03,55.48,55.9,55.31,55.36,2397650.0,AFL
15195,2013-05-06,55.36,55.93,55.34,55.61,1743199.0,AFL
15196,2013-05-07,55.58,55.78,55.0,55.38,2786860.0,AFL
15197,2013-05-08,55.28,56.04,55.2,55.91,2090774.0,AFL
15198,2013-05-09,55.94,56.03,54.75,54.85,3826397.0,AFL
15199,2013-05-10,54.73,54.8,53.57,53.95,4586053.0,AFL
15200,2013-05-13,53.95,54.0,53.51,53.84,2872653.0,AFL
15201,2013-05-14,53.95,54.63,53.9,54.56,3205392.0,AFL
15202,2013-05-15,54.47,54.92,54.37,54.81,2585569.0,AFL
15203,2013-05-16,54.5,54.88,54.09,54.32,2893192.0,AFL
15204,2013-05-17,54.43,55.3,54.34,55.24,3543025.0,AFL
15205,2013-05-20,54.77,55.89,54.77,55.58,3617343.0,AFL
15206,2013-05-21,55.55,56.34,55.12,55.84,3840848.0,AFL
15207,2013-05-22,56.02,56.77,55.11,55.33,3950865.0,AFL
15208,2013-05-23,54.67,55.24,54.48,55.06,2643754.0,AFL
15209,2013-05-24,54.84,54.98,54.02,54.95,2092417.0,AFL
15210,2013-05-28,55.64,56.11,55.09,55.11,2161495.0,AFL
15211,2013-05-29,54.65,55.98,54.53,55.69,2486923.0,AFL
15212,2013-05-30,55.84,56.96,55.75,56.52,2253986.0,AFL
15213,2013-05-31,56.45,56.9,55.69,55.69,2594588.0,AFL
15214,2013-06-03,55.84,56.45,55.1,56.4,3030183.0,AFL
15215,2013-06-04,56.5,56.72,55.42,55.81,2510181.0,AFL
15216,2013-06-05,55.62,55.77,54.95,55.19,2408634.0,AFL
15217,2013-06-06,55.17,56.75,54.77,56.57,3576740.0,AFL
15218,2013-06-07,56.87,57.24,56.35,57.03,3709014.0,AFL
15219,2013-06-10,57.2,57.47,56.69,56.8,2929367.0,AFL
15220,2013-06-11,56.31,56.81,56.13,56.41,3728854.0,AFL
15221,2013-06-12,56.81,56.96,56.01,56.08,2391326.0,AFL
15222,2013-06-13,56.1,57.63,56.06,57.46,2733448.0,AFL
15223,2013-06-14,57.7,58.46,57.16,57.51,2761792.0,AFL
15224,2013-06-17,57.87,58.05,57.34,57.58,2822798.0,AFL
15225,2013-06-18,57.73,57.96,57.49,57.77,2489238.0,AFL
15226,2013-06-19,57.9,58.75,57.22,57.34,3577744.0,AFL
15227,2013-06-20,56.75,57.53,56.72,56.95,2866163.0,AFL
15228,2013-06-21,57.57,57.57,56.37,56.66,3385458.0,AFL
15229,2013-06-24,56.19,56.33,55.2,55.68,2630787.0,AFL
15230,2013-06-25,56.13,57.12,55.84,56.82,2180768.0,AFL
15231,2013-06-26,57.45,57.66,56.84,57.26,1602968.0,AFL
15232,2013-06-27,57.65,58.32,57.41,58.2,2742675.0,AFL
15233,2013-06-28,58.05,58.54,57.45,58.12,2605500.0,AFL
15234,2013-07-01,58.53,58.63,57.47,57.67,2653975.0,AFL
15235,2013-07-02,57.53,57.86,56.62,56.79,2692906.0,AFL
15236,2013-07-03,56.46,56.75,56.08,56.6,1342368.0,AFL
15237,2013-07-05,56.99,57.25,56.57,57.16,1886292.0,AFL
15238,2013-07-08,57.39,58.26,57.38,58.02,2144432.0,AFL
15239,2013-07-09,58.34,58.68,58.0,58.52,1911446.0,AFL
15240,2013-07-10,58.38,58.7,58.09,58.5,1628129.0,AFL
15241,2013-07-11,59.07,59.38,58.67,59.25,1874467.0,AFL
15242,2013-07-12,59.31,59.37,58.42,59.14,1846397.0,AFL
15243,2013-07-15,59.06,59.13,58.52,58.9,2087007.0,AFL
15244,2013-07-16,58.93,59.33,58.92,59.18,1932559.0,AFL
15245,2013-07-17,59.31,59.57,58.93,59.05,1315161.0,AFL
15246,2013-07-18,59.35,59.63,59.08,59.33,1910043.0,AFL
15247,2013-07-19,59.44,59.49,58.67,59.39,3450045.0,AFL
15248,2013-07-22,59.41,60.32,59.28,60.18,1756210.0,AFL
15249,2013-07-23,60.37,60.5,59.57,59.72,2382336.0,AFL
15250,2013-07-24,59.98,61.29,58.89,60.9,4729070.0,AFL
15251,2013-07-25,60.67,60.69,59.75,60.46,2501585.0,AFL
15252,2013-07-26,60.21,61.12,59.71,61.09,1980165.0,AFL
15253,2013-07-29,61.07,61.35,60.59,61.01,1417183.0,AFL
15254,2013-07-30,61.19,61.47,60.76,60.85,1815671.0,AFL
15255,2013-07-31,60.79,62.55,60.02,61.68,3663288.0,AFL
15256,2013-08-01,62.39,63.63,62.21,63.54,2875069.0,AFL
15257,2013-08-02,63.37,63.37,62.08,62.26,2209599.0,AFL
15258,2013-08-05,62.38,62.51,61.82,62.09,1954424.0,AFL
15259,2013-08-06,62.04,62.38,61.31,61.71,1823858.0,AFL
15260,2013-08-07,61.39,61.55,61.1,61.28,1418665.0,AFL
15261,2013-08-08,61.46,62.16,61.0,61.91,2086404.0,AFL
15262,2013-08-09,61.8,62.03,61.24,61.52,2013425.0,AFL
15263,2013-08-12,60.98,61.62,60.94,61.53,1714611.0,AFL
15264,2013-08-13,61.55,62.05,61.21,61.95,1536417.0,AFL
15265,2013-08-14,61.89,61.98,61.38,61.68,1651985.0,AFL
15266,2013-08-15,60.96,61.14,60.17,60.39,2438043.0,AFL
15267,2013-08-16,60.23,60.8,60.11,60.54,2546556.0,AFL
15268,2013-08-19,60.0,60.16,59.47,59.49,2132913.0,AFL
15269,2013-08-20,59.49,60.02,59.03,59.82,1207122.0,AFL
15270,2013-08-21,59.79,59.79,58.98,59.27,1719008.0,AFL
15271,2013-08-22,59.52,60.18,59.41,59.94,1239818.0,AFL
15272,2013-08-23,60.04,60.22,59.53,59.83,1267780.0,AFL
15273,2013-08-26,59.88,60.05,59.36,59.37,1191603.0,AFL
15274,2013-08-27,58.69,58.73,57.75,57.76,2194504.0,AFL
15275,2013-08-28,57.89,58.39,57.74,57.77,1632344.0,AFL
15276,2013-08-29,57.75,58.44,57.36,57.92,1349170.0,AFL
15277,2013-08-30,58.08,58.2,57.54,57.79,1776870.0,AFL
15278,2013-09-03,58.52,59.15,57.62,58.16,1437678.0,AFL
15279,2013-09-04,58.25,59.38,58.12,58.95,1591768.0,AFL
15280,2013-09-05,58.89,59.32,58.77,58.92,1068017.0,AFL
15281,2013-09-06,59.02,59.02,57.76,58.38,1471719.0,AFL
15282,2013-09-09,58.52,59.05,58.38,59.05,1641335.0,AFL
15283,2013-09-10,59.45,60.05,59.26,59.92,1755982.0,AFL
15284,2013-09-11,59.95,60.95,59.84,60.82,2176477.0,AFL
15285,2013-09-12,60.9,61.18,60.51,60.87,1702915.0,AFL
15286,2013-09-13,61.06,61.16,60.87,61.04,1904026.0,AFL
15287,2013-09-16,62.02,62.12,61.67,61.87,2155252.0,AFL
15288,2013-09-17,61.87,62.3,61.83,62.22,1366380.0,AFL
15289,2013-09-18,62.1,62.96,61.87,62.87,2790755.0,AFL
15290,2013-09-19,62.96,63.0,61.94,62.16,2967163.0,AFL
15291,2013-09-20,62.27,62.66,62.01,62.32,2582435.0,AFL
15292,2013-09-23,62.01,62.45,61.76,62.01,1906977.0,AFL
15293,2013-09-24,61.93,62.52,61.89,62.02,2586433.0,AFL
15294,2013-09-25,62.15,62.46,61.9,62.21,1436844.0,AFL
15295,2013-09-26,62.16,62.65,62.09,62.51,1438157.0,AFL
15296,2013-09-27,62.08,62.49,61.95,62.21,1689442.0,AFL
15297,2013-09-30,61.52,62.21,61.29,61.99,2110001.0,AFL
15298,2013-10-01,62.61,63.43,62.6,63.42,2168215.0,AFL
15299,2013-10-02,62.99,63.21,62.53,63.21,2030584.0,AFL
15300,2013-10-03,62.91,63.19,62.18,62.91,1723305.0,AFL
15301,2013-10-04,62.82,63.94,62.78,63.73,1574642.0,AFL
15302,2013-10-07,63.17,63.48,62.92,62.92,1204668.0,AFL
15303,2013-10-08,62.84,63.12,62.11,62.15,1848863.0,AFL
15304,2013-10-09,62.27,62.54,61.96,62.28,1445294.0,AFL
15305,2013-10-10,63.04,63.65,62.96,63.61,1601371.0,AFL
15306,2013-10-11,63.63,64.5,63.46,64.48,1767697.0,AFL
15307,2013-10-14,64.05,64.65,63.61,64.49,1131532.0,AFL
15308,2013-10-15,64.21,64.78,64.1,64.33,1861307.0,AFL
15309,2013-10-16,64.79,65.73,64.59,65.64,2453279.0,AFL
15310,2013-10-17,65.48,66.18,65.32,66.11,1599010.0,AFL
15311,2013-10-18,66.15,66.15,64.95,65.78,3546339.0,AFL
15312,2013-10-21,65.46,65.87,65.06,65.5,2044144.0,AFL
15313,2013-10-22,65.78,66.51,65.76,66.06,1711936.0,AFL
15314,2013-10-23,65.95,66.01,65.12,65.61,1257190.0,AFL
15315,2013-10-24,65.85,66.18,65.31,66.14,1305202.0,AFL
15316,2013-10-25,66.1,66.33,65.85,66.3,1710552.0,AFL
15317,2013-10-28,66.24,66.79,65.98,66.47,1641724.0,AFL
15318,2013-10-29,66.68,67.0,66.51,67.0,1911381.0,AFL
15319,2013-10-30,64.68,65.78,64.01,65.02,6336691.0,AFL
15320,2013-10-31,64.77,65.33,64.65,64.98,3363833.0,AFL
15321,2013-11-01,65.17,65.45,64.9,65.1,2028762.0,AFL
15322,2013-11-04,65.01,65.15,64.49,65.06,2504879.0,AFL
15323,2013-11-05,65.0,65.06,64.38,64.45,2310928.0,AFL
15324,2013-11-06,64.58,65.04,64.48,64.82,1797745.0,AFL
15325,2013-11-07,64.92,65.58,64.22,64.26,2228974.0,AFL
15326,2013-11-08,64.44,65.82,64.37,65.75,2730965.0,AFL
15327,2013-11-11,65.57,65.98,65.5,65.68,1395951.0,AFL
15328,2013-11-12,65.4,65.79,64.99,65.25,1709445.0,AFL
15329,2013-11-13,65.39,66.27,65.24,66.27,2088127.0,AFL
15330,2013-11-14,66.28,67.5,66.2,67.47,2148795.0,AFL
15331,2013-11-15,67.2,67.52,66.42,67.48,2768841.0,AFL
15332,2013-11-18,67.19,67.48,66.77,66.9,2248595.0,AFL
15333,2013-11-19,66.9,67.01,66.22,66.28,1649005.0,AFL
15334,2013-11-20,66.34,66.58,66.03,66.21,1378870.0,AFL
15335,2013-11-21,66.22,66.79,66.08,66.54,1922675.0,AFL
15336,2013-11-22,66.23,66.69,66.19,66.57,1379367.0,AFL
15337,2013-11-25,66.5,66.81,66.11,66.22,1091451.0,AFL
15338,2013-11-26,66.25,66.78,66.25,66.44,1612410.0,AFL
15339,2013-11-27,66.67,66.7,66.26,66.44,1170216.0,AFL
15340,2013-11-29,66.56,66.96,66.35,66.37,941008.0,AFL
15341,2013-12-02,66.35,67.23,66.12,66.25,1887191.0,AFL
15342,2013-12-03,66.02,66.31,65.13,65.54,2297959.0,AFL
15343,2013-12-04,65.52,66.14,65.22,65.71,1674556.0,AFL
15344,2013-12-05,65.45,66.35,65.35,65.7,1938857.0,AFL
15345,2013-12-06,66.42,66.73,66.1,66.64,1460061.0,AFL
15346,2013-12-09,66.54,66.81,66.24,66.45,1693417.0,AFL
15347,2013-12-10,66.21,66.39,66.0,66.27,1694003.0,AFL
15348,2013-12-11,66.23,66.25,65.59,65.72,1913656.0,AFL
15349,2013-12-12,65.82,65.99,65.54,65.64,2286007.0,AFL
15350,2013-12-13,65.67,66.25,65.61,65.96,1316282.0,AFL
15351,2013-12-16,66.18,66.62,65.97,66.36,1452140.0,AFL
15352,2013-12-17,66.37,66.44,65.87,66.01,1446799.0,AFL
15353,2013-12-18,66.27,66.68,65.47,66.59,3184709.0,AFL
15354,2013-12-19,66.24,66.4,65.9,66.0,2468104.0,AFL
15355,2013-12-20,65.91,66.5,65.55,65.65,4240436.0,AFL
15356,2013-12-23,66.09,66.6,65.99,66.35,2238281.0,AFL
15357,2013-12-24,66.23,66.54,66.15,66.48,884136.0,AFL
15358,2013-12-26,66.41,67.43,66.32,67.11,1313524.0,AFL
15359,2013-12-27,67.15,67.38,66.87,67.25,990723.0,AFL
15360,2013-12-30,67.25,67.62,66.65,66.69,1950560.0,AFL
15361,2013-12-31,66.87,67.01,66.58,66.8,1210107.0,AFL
15362,2014-01-02,66.63,66.69,65.81,65.96,1914657.0,AFL
15363,2014-01-03,66.08,66.54,66.04,66.15,1279123.0,AFL
15364,2014-01-06,66.2,66.28,64.32,64.88,4244179.0,AFL
15365,2014-01-07,65.03,65.53,64.87,65.09,1913102.0,AFL
15366,2014-01-08,64.98,65.17,64.41,64.63,1726374.0,AFL
15367,2014-01-09,64.69,64.85,64.09,64.27,2311941.0,AFL
15368,2014-01-10,64.58,65.26,64.1,65.17,1837151.0,AFL
15369,2014-01-13,64.83,65.01,64.0,64.1,2409756.0,AFL
15370,2014-01-14,64.39,64.81,64.22,64.7,1777827.0,AFL
15371,2014-01-15,64.71,65.11,64.68,64.94,2019858.0,AFL
15372,2014-01-16,64.79,65.15,64.55,64.83,1658315.0,AFL
15373,2014-01-17,64.81,65.47,64.62,64.71,2144405.0,AFL
15374,2014-01-21,64.92,65.28,64.41,64.83,2177577.0,AFL
15375,2014-01-22,64.86,64.99,64.25,64.4,1396094.0,AFL
15376,2014-01-23,64.2,64.3,63.26,63.56,2022913.0,AFL
15377,2014-01-24,63.29,63.61,62.29,62.29,3201587.0,AFL
15378,2014-01-27,62.18,62.57,61.34,61.79,2818306.0,AFL
15379,2014-01-28,61.84,62.54,61.84,62.45,1788227.0,AFL
15380,2014-01-29,61.74,62.85,61.73,62.12,2498195.0,AFL
15381,2014-01-30,62.55,63.35,62.45,63.2,1574017.0,AFL
15382,2014-01-31,62.24,63.35,62.02,62.78,2203416.0,AFL
15383,2014-02-03,62.86,62.92,60.69,60.72,3034391.0,AFL
15384,2014-02-04,60.98,61.64,60.81,61.47,2437015.0,AFL
15385,2014-02-05,61.9,62.31,60.45,61.76,2716196.0,AFL
15386,2014-02-06,61.6,62.0,61.37,61.73,2172052.0,AFL
15387,2014-02-07,61.77,62.79,61.48,62.68,2330131.0,AFL
15388,2014-02-10,62.51,63.0,62.15,62.43,1873975.0,AFL
15389,2014-02-11,62.42,62.62,61.79,62.41,2349977.0,AFL
15390,2014-02-12,62.33,62.95,62.3,62.75,1617949.0,AFL
15391,2014-02-13,62.18,62.82,62.0,62.79,1303411.0,AFL
15392,2014-02-14,62.67,63.25,62.66,63.13,1491438.0,AFL
15393,2014-02-18,63.09,63.15,62.84,63.03,1389818.0,AFL
15394,2014-02-19,62.74,63.65,62.4,62.44,1585723.0,AFL
15395,2014-02-20,62.57,63.06,62.34,62.92,1529910.0,AFL
15396,2014-02-21,62.97,63.0,62.13,62.32,2372264.0,AFL
15397,2014-02-24,62.26,62.88,62.26,62.3,1881217.0,AFL
15398,2014-02-25,62.33,62.84,62.15,62.52,1827727.0,AFL
15399,2014-02-26,62.78,62.99,62.41,62.6,1480415.0,AFL
15400,2014-02-27,62.5,63.4,62.49,63.38,1530491.0,AFL
15401,2014-02-28,63.39,64.48,63.38,64.08,2534738.0,AFL
15402,2014-03-03,63.37,64.3,63.0,64.02,2119442.0,AFL
15403,2014-03-04,64.58,65.28,64.44,65.13,2138219.0,AFL
15404,2014-03-05,64.97,65.09,64.59,65.01,1428406.0,AFL
15405,2014-03-06,65.11,65.62,65.09,65.22,1356258.0,AFL
15406,2014-03-07,65.57,66.01,65.29,65.61,1365561.0,AFL
15407,2014-03-10,65.62,65.88,65.2,65.54,1093978.0,AFL
15408,2014-03-11,65.66,65.66,64.73,64.95,1509701.0,AFL
15409,2014-03-12,64.61,65.05,64.5,64.89,1006590.0,AFL
15410,2014-03-13,65.08,65.2,64.03,64.18,1527783.0,AFL
15411,2014-03-14,64.07,64.59,63.9,64.11,1183167.0,AFL
15412,2014-03-17,64.44,64.61,63.66,63.82,1764335.0,AFL
15413,2014-03-18,64.02,64.58,63.98,64.31,1105238.0,AFL
15414,2014-03-19,64.34,64.45,63.0,63.36,2151257.0,AFL
15415,2014-03-20,63.23,63.65,62.94,63.21,2886096.0,AFL
15416,2014-03-21,63.35,63.54,62.93,62.98,5794050.0,AFL
15417,2014-03-24,63.23,63.49,62.69,62.69,2201562.0,AFL
15418,2014-03-25,63.06,63.39,62.85,62.94,1853275.0,AFL
15419,2014-03-26,63.37,63.44,62.68,62.71,1992364.0,AFL
15420,2014-03-27,62.66,62.71,62.1,62.27,1569002.0,AFL
15421,2014-03-28,62.46,63.15,62.35,62.66,1235067.0,AFL
15422,2014-03-31,63.06,63.22,62.8,63.04,1767182.0,AFL
15423,2014-04-01,63.47,63.62,63.01,63.32,1683136.0,AFL
15424,2014-04-02,63.04,63.84,62.93,63.46,1312109.0,AFL
15425,2014-04-03,63.79,64.18,63.57,64.02,1308999.0,AFL
15426,2014-04-04,64.36,64.47,63.22,63.28,1339084.0,AFL
15427,2014-04-07,63.23,63.28,61.72,61.72,1803516.0,AFL
15428,2014-04-08,61.5,62.52,61.19,62.35,1870690.0,AFL
15429,2014-04-09,62.65,63.08,62.08,62.99,1732586.0,AFL
15430,2014-04-10,63.04,63.38,61.76,61.76,2468351.0,AFL
15431,2014-04-11,61.41,62.29,60.79,60.83,3058663.0,AFL
15432,2014-04-14,61.49,61.8,60.6,61.19,3399121.0,AFL
15433,2014-04-15,61.29,61.81,60.87,61.63,1438174.0,AFL
15434,2014-04-16,62.14,62.63,62.0,62.61,1615684.0,AFL
15435,2014-04-17,62.52,63.23,62.52,63.05,1558786.0,AFL
15436,2014-04-21,62.65,62.96,62.51,62.69,1147090.0,AFL
15437,2014-04-22,62.65,63.05,62.31,62.78,1644551.0,AFL
15438,2014-04-23,62.79,62.9,62.45,62.7,1468570.0,AFL
15439,2014-04-24,62.92,62.92,61.84,62.16,2072921.0,AFL
15440,2014-04-25,62.01,62.13,61.55,61.84,1745664.0,AFL
15441,2014-04-28,62.23,62.36,61.14,61.85,2111093.0,AFL
15442,2014-04-29,62.14,63.5,62.12,63.36,3704844.0,AFL
15443,2014-04-30,62.0,62.91,61.86,62.72,2500065.0,AFL
15444,2014-05-01,62.69,63.49,62.43,63.17,1670655.0,AFL
15445,2014-05-02,63.18,63.53,62.7,63.15,1523278.0,AFL
15446,2014-05-05,62.8,63.02,62.45,62.68,1422240.0,AFL
15447,2014-05-06,62.28,62.4,61.83,61.85,1701992.0,AFL
15448,2014-05-07,62.11,62.61,61.94,62.59,1583730.0,AFL
15449,2014-05-08,62.53,63.25,62.5,63.02,1417141.0,AFL
15450,2014-05-09,62.97,63.17,62.47,62.98,1003943.0,AFL
15451,2014-05-12,63.16,63.38,62.92,63.34,1389360.0,AFL
15452,2014-05-13,63.45,63.9,63.25,63.73,1595278.0,AFL
15453,2014-05-14,63.53,63.59,62.81,62.9,2011461.0,AFL
15454,2014-05-15,62.52,62.61,61.25,61.89,2109887.0,AFL
15455,2014-05-16,61.85,61.85,60.98,61.46,2678536.0,AFL
15456,2014-05-19,60.92,62.3,60.91,62.15,1703545.0,AFL
15457,2014-05-20,62.09,62.13,61.07,61.59,1592154.0,AFL
15458,2014-05-21,61.93,62.24,61.69,62.17,1116322.0,AFL
15459,2014-05-22,62.05,62.05,61.24,61.86,1733351.0,AFL
15460,2014-05-23,61.2,61.68,61.03,61.31,1697250.0,AFL
15461,2014-05-27,61.24,61.88,61.0,61.34,2045350.0,AFL
15462,2014-05-28,61.35,61.52,60.87,60.95,2193913.0,AFL
15463,2014-05-29,61.05,61.59,60.94,61.44,1964262.0,AFL
15464,2014-05-30,61.43,61.51,61.07,61.23,1870224.0,AFL
15465,2014-06-02,61.5,61.88,61.2,61.47,1269472.0,AFL
15466,2014-06-03,61.47,61.68,61.24,61.41,2097922.0,AFL
15467,2014-06-04,61.44,62.32,61.44,61.93,1682238.0,AFL
15468,2014-06-05,61.98,62.05,61.61,61.95,1793776.0,AFL
15469,2014-06-06,62.02,62.78,61.92,62.53,1692781.0,AFL
15470,2014-06-09,62.45,63.49,62.41,63.07,2541192.0,AFL
15471,2014-06-10,63.03,63.52,62.87,63.29,2562664.0,AFL
15472,2014-06-11,62.91,63.18,62.4,62.4,1796937.0,AFL
15473,2014-06-12,62.4,62.59,61.89,62.08,1411748.0,AFL
15474,2014-06-13,62.09,62.48,61.82,61.96,1232027.0,AFL
15475,2014-06-16,61.81,62.35,61.64,62.14,1841171.0,AFL
15476,2014-06-17,61.98,63.16,61.92,62.96,1610093.0,AFL
15477,2014-06-18,63.1,63.12,62.65,63.03,1428874.0,AFL
15478,2014-06-19,63.05,63.06,62.54,62.82,1337188.0,AFL
15479,2014-06-20,63.02,63.36,62.74,63.1,1757177.0,AFL
15480,2014-06-23,63.19,63.22,62.68,62.95,1472931.0,AFL
15481,2014-06-24,62.81,63.07,62.45,62.47,1122965.0,AFL
15482,2014-06-25,62.12,62.62,62.07,62.6,1156405.0,AFL
15483,2014-06-26,62.54,62.7,61.98,62.63,1054775.0,AFL
15484,2014-06-27,62.49,62.85,62.25,62.72,2175914.0,AFL
15485,2014-06-30,62.55,62.82,62.15,62.25,1626884.0,AFL
15486,2014-07-01,62.26,62.95,62.26,62.66,1194286.0,AFL
15487,2014-07-02,62.81,63.14,62.34,62.53,1411715.0,AFL
15488,2014-07-03,62.85,63.55,62.75,63.29,1188340.0,AFL
15489,2014-07-07,63.16,63.44,62.76,63.42,1991159.0,AFL
15490,2014-07-08,63.4,63.4,62.69,62.82,2013031.0,AFL
15491,2014-07-09,62.93,63.15,62.75,62.92,1150147.0,AFL
15492,2014-07-10,62.13,62.65,62.13,62.42,1347128.0,AFL
15493,2014-07-11,62.24,62.74,62.07,62.66,1109408.0,AFL
15494,2014-07-14,63.02,63.26,62.64,62.8,1231961.0,AFL
15495,2014-07-15,62.72,63.18,62.53,62.84,1420365.0,AFL
15496,2014-07-16,63.14,63.23,62.62,63.11,1330618.0,AFL
15497,2014-07-17,63.15,64.2,62.79,63.18,1990238.0,AFL
15498,2014-07-18,63.37,63.79,63.05,63.71,1830086.0,AFL
15499,2014-07-21,63.46,63.93,63.34,63.59,1190723.0,AFL
15500,2014-07-22,63.69,63.91,63.48,63.62,1010936.0,AFL
15501,2014-07-23,63.65,63.8,63.23,63.59,857726.0,AFL
15502,2014-07-24,63.74,64.02,63.53,63.93,986896.0,AFL
15503,2014-07-25,63.9,64.11,63.36,63.59,1204121.0,AFL
15504,2014-07-28,63.52,63.69,62.93,63.65,1016284.0,AFL
15505,2014-07-29,63.6,63.69,62.69,63.14,2313492.0,AFL
15506,2014-07-30,61.38,61.8,60.53,61.38,4209255.0,AFL
15507,2014-07-31,60.93,61.2,59.64,59.74,3268182.0,AFL
15508,2014-08-01,59.27,59.65,58.5,59.12,3133049.0,AFL
15509,2014-08-04,59.12,59.17,58.52,59.03,2241328.0,AFL
15510,2014-08-05,58.94,59.29,58.51,58.67,1825714.0,AFL
15511,2014-08-06,58.61,59.23,58.61,59.02,1545257.0,AFL
15512,2014-08-07,59.23,59.56,58.56,58.68,1775140.0,AFL
15513,2014-08-08,58.8,59.22,58.52,59.19,1429664.0,AFL
15514,2014-08-11,59.22,59.48,58.87,59.2,1480248.0,AFL
15515,2014-08-12,59.06,59.47,59.06,59.33,1481302.0,AFL
15516,2014-08-13,59.5,59.73,59.25,59.64,1849630.0,AFL
15517,2014-08-14,59.65,60.18,59.6,60.11,1262295.0,AFL
15518,2014-08-15,60.34,60.42,59.43,60.1,2207073.0,AFL
15519,2014-08-18,60.01,60.95,59.98,60.92,3525353.0,AFL
15520,2014-08-19,60.85,60.95,60.61,60.87,2218244.0,AFL
15521,2014-08-20,60.7,61.11,60.59,60.93,3435550.0,AFL
15522,2014-08-21,60.98,61.45,60.65,61.01,3928680.0,AFL
15523,2014-08-22,61.07,61.18,60.51,60.55,1646858.0,AFL
15524,2014-08-25,60.92,61.16,60.61,60.84,1183218.0,AFL
15525,2014-08-26,60.89,61.3,60.89,61.04,1007433.0,AFL
15526,2014-08-27,61.3,61.64,61.09,61.39,1193400.0,AFL
15527,2014-08-28,61.11,61.5,60.82,61.24,1071785.0,AFL
15528,2014-08-29,61.27,61.48,61.09,61.24,1397821.0,AFL
15529,2014-09-02,61.52,61.76,61.07,61.26,2057369.0,AFL
15530,2014-09-03,61.62,61.64,61.02,61.08,1809528.0,AFL
15531,2014-09-04,61.3,61.65,61.07,61.24,1207109.0,AFL
15532,2014-09-05,61.01,61.48,61.0,61.46,1069380.0,AFL
15533,2014-09-08,61.42,61.51,60.87,61.05,1205358.0,AFL
15534,2014-09-09,61.06,61.08,60.39,60.52,2392399.0,AFL
15535,2014-09-10,60.56,60.85,59.57,59.84,2695354.0,AFL
15536,2014-09-11,59.57,59.89,59.5,59.79,2176935.0,AFL
15537,2014-09-12,59.85,60.13,59.39,59.79,2074720.0,AFL
15538,2014-09-15,59.79,60.03,59.35,59.84,1292355.0,AFL
15539,2014-09-16,59.46,59.66,58.78,58.94,4585524.0,AFL
15540,2014-09-17,59.03,59.03,58.28,58.33,3897582.0,AFL
15541,2014-09-18,58.52,58.86,58.52,58.69,2751684.0,AFL
15542,2014-09-19,58.81,59.0,58.1,58.4,4438532.0,AFL
15543,2014-09-22,58.41,58.61,58.25,58.54,2577807.0,AFL
15544,2014-09-23,58.47,58.55,57.86,57.86,2237477.0,AFL
15545,2014-09-24,57.93,58.7,57.93,58.62,1942644.0,AFL
15546,2014-09-25,58.32,58.52,57.86,58.08,2701505.0,AFL
15547,2014-09-26,58.11,58.69,57.99,58.5,1849468.0,AFL
15548,2014-09-29,57.91,58.6,57.7,58.47,1498540.0,AFL
15549,2014-09-30,58.4,58.56,58.07,58.25,3134377.0,AFL
15550,2014-10-01,58.01,58.05,57.4,57.56,4170184.0,AFL
15551,2014-10-02,57.56,57.83,57.14,57.67,2555731.0,AFL
15552,2014-10-03,57.96,58.22,57.62,57.84,2061855.0,AFL
15553,2014-10-06,58.13,58.41,57.56,57.8,1506332.0,AFL
15554,2014-10-07,57.59,57.94,57.06,57.08,2239960.0,AFL
15555,2014-10-08,57.17,57.82,56.59,57.8,2557399.0,AFL
15556,2014-10-09,57.69,57.77,56.85,56.93,2656253.0,AFL
15557,2014-10-10,56.91,57.42,56.5,56.52,1781724.0,AFL
15558,2014-10-13,56.46,56.77,55.94,56.0,2190162.0,AFL
15559,2014-10-14,56.05,57.15,56.01,56.84,2568841.0,AFL
15560,2014-10-15,56.01,56.54,55.03,55.8,4302228.0,AFL
15561,2014-10-16,55.02,56.17,54.99,55.86,4166556.0,AFL
15562,2014-10-17,56.54,57.04,56.14,57.01,5233930.0,AFL
15563,2014-10-20,56.89,57.24,56.55,57.22,1798912.0,AFL
15564,2014-10-21,57.71,58.25,57.49,58.17,1821525.0,AFL
15565,2014-10-22,58.14,58.41,57.67,57.68,1629516.0,AFL
15566,2014-10-23,58.3,58.38,57.94,58.08,2033557.0,AFL
15567,2014-10-24,58.02,58.63,57.87,58.54,1066403.0,AFL
15568,2014-10-27,58.34,58.9,58.19,58.75,1642875.0,AFL
15569,2014-10-28,58.92,59.56,58.76,59.54,1698550.0,AFL
15570,2014-10-29,60.24,61.02,59.38,59.9,3932166.0,AFL
15571,2014-10-30,59.6,60.26,59.38,60.04,2493203.0,AFL
15572,2014-10-31,60.5,60.72,59.33,59.73,4418106.0,AFL
15573,2014-11-03,59.86,59.96,59.15,59.33,3310067.0,AFL
15574,2014-11-04,59.25,59.82,59.11,59.48,2554619.0,AFL
15575,2014-11-05,59.71,59.81,59.17,59.79,2357396.0,AFL
15576,2014-11-06,59.79,59.79,59.19,59.53,2025872.0,AFL
15577,2014-11-07,58.84,59.05,58.58,58.89,3112863.0,AFL
15578,2014-11-10,58.8,59.13,58.68,59.06,1881982.0,AFL
15579,2014-11-11,59.18,59.42,58.9,59.04,1990176.0,AFL
15580,2014-11-12,58.7,59.24,58.54,59.21,1700462.0,AFL
15581,2014-11-13,59.22,59.41,58.92,59.14,1610248.0,AFL
15582,2014-11-14,59.08,59.4,58.97,59.31,2109615.0,AFL
15583,2014-11-17,58.77,59.15,58.43,59.13,2223252.0,AFL
15584,2014-11-18,59.14,59.28,58.95,59.1,1852004.0,AFL
15585,2014-11-19,59.1,59.16,58.86,59.06,1489185.0,AFL
15586,2014-11-20,58.67,59.13,58.55,59.0,1710444.0,AFL
15587,2014-11-21,59.68,59.97,59.57,59.76,2339399.0,AFL
15588,2014-11-24,60.0,60.25,59.78,60.21,1864201.0,AFL
15589,2014-11-25,60.2,60.3,60.0,60.0,2591198.0,AFL
15590,2014-11-26,60.0,60.12,59.52,59.68,1431074.0,AFL
15591,2014-11-28,59.83,60.08,59.67,59.73,1045061.0,AFL
15592,2014-12-01,59.58,59.61,59.1,59.27,1769142.0,AFL
15593,2014-12-02,59.31,59.68,59.26,59.62,1608227.0,AFL
15594,2014-12-03,59.58,60.03,59.37,59.7,1431028.0,AFL
15595,2014-12-04,59.72,59.72,59.0,59.43,1495994.0,AFL
15596,2014-12-05,59.53,59.75,59.26,59.51,1923528.0,AFL
15597,2014-12-08,59.5,60.19,59.27,59.98,2202640.0,AFL
15598,2014-12-09,59.29,59.8,59.1,59.79,2295868.0,AFL
15599,2014-12-10,59.51,60.22,59.4,59.44,3106723.0,AFL
15600,2014-12-11,59.53,59.95,59.44,59.57,2053465.0,AFL
15601,2014-12-12,59.09,59.44,58.25,58.28,2811467.0,AFL
15602,2014-12-15,58.39,58.52,57.37,57.53,2896499.0,AFL
15603,2014-12-16,57.21,58.82,57.05,57.81,3327325.0,AFL
15604,2014-12-17,58.04,59.16,57.97,59.07,2979019.0,AFL
15605,2014-12-18,59.75,60.32,59.5,60.32,2400337.0,AFL
15606,2014-12-19,60.28,61.34,60.27,61.18,3442476.0,AFL
15607,2014-12-22,61.33,61.67,61.15,61.66,2460868.0,AFL
15608,2014-12-23,61.72,62.16,61.54,61.94,1631524.0,AFL
15609,2014-12-24,62.0,62.3,61.67,61.94,809825.0,AFL
15610,2014-12-26,62.0,62.21,61.89,61.94,932686.0,AFL
15611,2014-12-29,61.91,62.46,61.71,62.0,1173584.0,AFL
15612,2014-12-30,61.75,62.3,61.62,61.98,968542.0,AFL
15613,2014-12-31,62.06,62.17,61.05,61.09,1636772.0,AFL
15614,2015-01-02,61.5,61.61,60.66,61.08,1423087.0,AFL
15615,2015-01-05,60.44,60.55,59.24,59.48,2383572.0,AFL
15616,2015-01-06,59.41,59.55,58.79,58.95,2909468.0,AFL
15617,2015-01-07,59.45,59.96,59.09,59.32,1826995.0,AFL
15618,2015-01-08,59.74,60.32,59.46,59.9,2293811.0,AFL
15619,2015-01-09,60.06,60.17,58.55,58.63,2996808.0,AFL
15620,2015-01-12,58.61,58.75,57.94,58.29,1786618.0,AFL
15621,2015-01-13,58.69,59.06,57.6,58.0,1670523.0,AFL
15622,2015-01-14,57.2,57.97,56.97,57.55,2151847.0,AFL
15623,2015-01-15,57.35,58.27,57.3,57.36,2289849.0,AFL
15624,2015-01-16,57.29,58.2,57.17,58.18,1845452.0,AFL
15625,2015-01-20,58.38,58.5,57.48,58.01,2006846.0,AFL
15626,2015-01-21,57.79,58.22,57.46,58.1,2869145.0,AFL
15627,2015-01-22,58.36,59.24,58.02,59.15,1849455.0,AFL
15628,2015-01-23,59.2,59.22,58.7,58.73,1474528.0,AFL
15629,2015-01-26,58.6,59.19,58.35,59.02,1408305.0,AFL
15630,2015-01-27,58.52,58.9,58.13,58.51,1835854.0,AFL
15631,2015-01-28,58.81,58.97,57.34,57.36,2388973.0,AFL
15632,2015-01-29,57.42,57.82,56.95,57.65,1550584.0,AFL
15633,2015-01-30,57.1,58.07,56.91,57.08,2371311.0,AFL
15634,2015-02-02,56.9,58.27,56.41,58.17,2149261.0,AFL
15635,2015-02-03,58.55,59.16,58.36,59.09,2405370.0,AFL
15636,2015-02-04,60.02,61.28,60.02,60.68,3444086.0,AFL
15637,2015-02-05,60.32,61.03,60.24,60.98,2738296.0,AFL
15638,2015-02-06,61.16,61.49,60.86,61.28,2347689.0,AFL
15639,2015-02-09,60.94,61.49,60.76,61.14,1810720.0,AFL
15640,2015-02-10,61.17,61.58,60.89,61.45,1677607.0,AFL
15641,2015-02-11,61.46,62.0,61.3,61.83,2284356.0,AFL
15642,2015-02-12,61.48,62.06,61.37,61.8,2545419.0,AFL
15643,2015-02-13,61.76,62.23,61.51,62.13,2628285.0,AFL
15644,2015-02-17,61.92,62.66,61.69,62.35,1880057.0,AFL
15645,2015-02-18,62.08,62.27,61.65,61.75,1290526.0,AFL
15646,2015-02-19,61.63,62.0,61.44,61.78,1058480.0,AFL
15647,2015-02-20,61.34,62.14,61.02,62.13,1582896.0,AFL
15648,2015-02-23,61.88,61.88,61.23,61.43,1830614.0,AFL
15649,2015-02-24,61.39,62.15,61.33,62.06,2270131.0,AFL
15650,2015-02-25,62.06,62.19,61.73,61.95,1938603.0,AFL
15651,2015-02-26,61.94,62.23,61.78,62.18,1911165.0,AFL
15652,2015-02-27,62.16,62.74,61.95,62.25,2354819.0,AFL
15653,2015-03-02,62.19,62.67,62.02,62.57,1469754.0,AFL
15654,2015-03-03,62.33,62.69,62.15,62.28,1533042.0,AFL
15655,2015-03-04,61.86,62.5,61.72,62.35,1840238.0,AFL
15656,2015-03-05,62.55,62.93,62.25,62.8,2043393.0,AFL
15657,2015-03-06,62.8,63.35,62.07,62.16,3229669.0,AFL
15658,2015-03-09,62.36,62.48,62.21,62.3,2164237.0,AFL
15659,2015-03-10,61.82,62.17,61.05,61.05,2938884.0,AFL
15660,2015-03-11,61.27,61.64,61.16,61.49,1914590.0,AFL
15661,2015-03-12,61.9,62.68,61.86,62.65,1621932.0,AFL
15662,2015-03-13,62.44,62.62,61.62,62.13,1687916.0,AFL
15663,2015-03-16,62.42,63.23,62.39,62.96,1873377.0,AFL
15664,2015-03-17,62.52,63.01,62.46,62.88,1680434.0,AFL
15665,2015-03-18,62.71,63.91,62.42,63.62,2891258.0,AFL
15666,2015-03-19,63.42,63.49,62.53,63.09,1724264.0,AFL
15667,2015-03-20,63.32,64.08,63.09,63.89,4412971.0,AFL
15668,2015-03-23,63.95,64.62,63.86,63.86,2536121.0,AFL
15669,2015-03-24,63.81,64.12,63.55,63.6,1641528.0,AFL
15670,2015-03-25,63.53,63.75,63.18,63.35,2277565.0,AFL
15671,2015-03-26,63.26,63.72,62.94,63.5,2285178.0,AFL
15672,2015-03-27,63.5,63.62,63.03,63.55,1730648.0,AFL
15673,2015-03-30,63.71,64.36,63.63,64.2,1740528.0,AFL
15674,2015-03-31,63.8,64.21,63.55,64.01,1819698.0,AFL
15675,2015-04-01,63.87,63.94,63.31,63.57,1691863.0,AFL
15676,2015-04-02,63.5,63.9,63.32,63.58,1779634.0,AFL
15677,2015-04-06,63.1,64.42,63.1,63.97,1712748.0,AFL
15678,2015-04-07,64.17,64.32,63.76,63.79,1244114.0,AFL
15679,2015-04-08,63.93,64.37,63.64,64.24,1332495.0,AFL
15680,2015-04-09,64.22,64.74,63.99,64.53,1439487.0,AFL
15681,2015-04-10,64.53,64.63,64.28,64.52,1176166.0,AFL
15682,2015-04-13,64.33,64.9,64.23,64.37,1709124.0,AFL
15683,2015-04-14,64.41,64.86,64.26,64.56,1214582.0,AFL
15684,2015-04-15,64.63,65.1,64.55,64.72,1288692.0,AFL
15685,2015-04-16,64.68,64.81,64.35,64.48,1447490.0,AFL
15686,2015-04-17,64.17,64.26,63.6,63.98,1634103.0,AFL
15687,2015-04-20,64.33,64.69,64.25,64.45,930675.0,AFL
15688,2015-04-21,64.62,64.81,63.43,63.86,1405288.0,AFL
15689,2015-04-22,64.05,64.16,63.46,64.07,1246318.0,AFL
15690,2015-04-23,63.84,64.42,63.73,64.17,1261227.0,AFL
15691,2015-04-24,64.28,64.41,63.93,64.19,1431640.0,AFL
15692,2015-04-27,64.32,64.52,63.94,64.02,1456860.0,AFL
15693,2015-04-28,63.89,64.54,63.64,64.42,1526650.0,AFL
15694,2015-04-29,63.09,64.21,62.14,63.86,3878243.0,AFL
15695,2015-04-30,63.64,64.09,62.99,63.04,3283962.0,AFL
15696,2015-05-01,63.42,63.67,62.8,63.11,2377648.0,AFL
15697,2015-05-04,63.37,63.8,63.3,63.52,1676702.0,AFL
15698,2015-05-05,63.37,64.2,63.18,63.73,2183280.0,AFL
15699,2015-05-06,64.1,64.3,63.15,63.54,1837141.0,AFL
15700,2015-05-07,63.64,64.22,63.37,63.75,2364352.0,AFL
15701,2015-05-08,63.99,64.31,63.68,64.22,1633671.0,AFL
15702,2015-05-11,64.08,64.42,63.87,63.89,1979257.0,AFL
15703,2015-05-12,63.73,63.83,63.32,63.37,2029974.0,AFL
15704,2015-05-13,63.31,63.84,63.24,63.6,1647823.0,AFL
15705,2015-05-14,63.89,64.08,63.62,63.77,1588598.0,AFL
15706,2015-05-15,63.71,63.92,63.2,63.67,1925475.0,AFL
15707,2015-05-18,63.3,64.06,63.28,63.93,1634863.0,AFL
15708,2015-05-19,64.1,64.52,63.8,64.25,2173157.0,AFL
15709,2015-05-20,64.18,65.06,63.92,64.71,2403335.0,AFL
15710,2015-05-21,64.45,64.53,62.83,62.89,4868201.0,AFL
15711,2015-05-22,62.74,63.48,62.54,62.71,2896259.0,AFL
15712,2015-05-26,62.49,62.57,61.63,61.74,3907562.0,AFL
15713,2015-05-27,62.04,62.82,61.91,62.46,2427039.0,AFL
15714,2015-05-28,62.26,62.62,61.96,62.56,1662833.0,AFL
15715,2015-05-29,62.64,62.68,62.05,62.22,2244078.0,AFL
15716,2015-06-01,62.5,62.63,61.98,62.1,2343054.0,AFL
15717,2015-06-02,62.09,62.66,61.98,62.26,2179001.0,AFL
15718,2015-06-03,62.31,62.79,62.21,62.51,1654042.0,AFL
15719,2015-06-04,62.42,62.67,62.05,62.11,1758080.0,AFL
15720,2015-06-05,62.22,62.35,61.7,61.81,1814562.0,AFL
15721,2015-06-08,61.72,62.04,61.58,61.62,1888632.0,AFL
15722,2015-06-09,61.59,61.89,61.32,61.67,1493569.0,AFL
15723,2015-06-10,61.94,62.85,61.93,62.52,1443363.0,AFL
15724,2015-06-11,62.63,63.14,62.51,62.99,1725339.0,AFL
15725,2015-06-12,62.26,62.9,62.2,62.57,1686485.0,AFL
15726,2015-06-15,62.03,62.36,61.87,62.05,1577187.0,AFL
15727,2015-06-16,61.94,62.64,61.85,62.45,1909833.0,AFL
15728,2015-06-17,62.65,63.0,62.37,62.47,1713208.0,AFL
15729,2015-06-18,62.6,63.27,62.6,63.09,1781518.0,AFL
15730,2015-06-19,62.9,63.03,62.52,62.56,2334560.0,AFL
15731,2015-06-22,62.96,63.1,62.65,62.83,1125289.0,AFL
15732,2015-06-23,62.99,63.01,62.64,62.85,1590990.0,AFL
15733,2015-06-24,62.72,62.94,62.44,62.48,1298045.0,AFL
15734,2015-06-25,63.09,63.81,62.99,63.34,4083321.0,AFL
15735,2015-06-26,63.35,63.83,63.05,63.69,2510819.0,AFL
15736,2015-06-29,62.99,63.22,61.4,61.44,3451844.0,AFL
15737,2015-06-30,61.91,62.51,61.67,62.2,2412326.0,AFL
15738,2015-07-01,63.05,63.06,62.14,62.43,1994060.0,AFL
15739,2015-07-02,62.37,62.5,61.63,61.96,1438351.0,AFL
15740,2015-07-06,61.23,62.03,61.08,61.58,1764352.0,AFL
15741,2015-07-07,61.56,61.8,60.69,61.77,2004074.0,AFL
15742,2015-07-08,61.32,61.45,60.23,60.46,1952530.0,AFL
15743,2015-07-09,61.21,61.39,60.57,60.66,2347285.0,AFL
15744,2015-07-10,61.35,61.79,61.33,61.71,2626083.0,AFL
15745,2015-07-13,60.76,61.67,60.58,61.42,5616292.0,AFL
15746,2015-07-14,61.37,61.74,61.18,61.41,3057156.0,AFL
15747,2015-07-15,61.61,61.79,61.35,61.79,2677301.0,AFL
15748,2015-07-16,62.14,62.43,61.82,62.22,1586530.0,AFL
15749,2015-07-17,62.19,62.19,61.19,61.59,1616501.0,AFL
15750,2015-07-20,61.67,61.86,61.06,61.56,2247613.0,AFL
15751,2015-07-21,61.67,62.12,61.5,61.8,1830167.0,AFL
15752,2015-07-22,61.81,62.13,61.62,61.88,1602055.0,AFL
15753,2015-07-23,61.89,62.14,61.63,61.86,1550760.0,AFL
15754,2015-07-24,61.86,62.44,61.77,61.92,2044040.0,AFL
15755,2015-07-27,61.48,61.75,61.14,61.53,1340162.0,AFL
15756,2015-07-28,61.81,62.47,61.4,62.33,2265382.0,AFL
15757,2015-07-29,62.19,64.63,62.13,64.54,4169960.0,AFL
15758,2015-07-30,64.32,64.66,63.89,64.04,2659664.0,AFL
15759,2015-07-31,64.12,64.3,63.92,64.05,2411385.0,AFL
15760,2015-08-03,63.94,64.03,63.39,64.03,1655277.0,AFL
15761,2015-08-04,64.04,64.5,63.84,63.93,1575797.0,AFL
15762,2015-08-05,64.36,64.78,64.07,64.1,1544859.0,AFL
15763,2015-08-06,64.1,64.26,63.58,63.68,2126722.0,AFL
15764,2015-08-07,63.64,64.07,63.45,64.04,1932528.0,AFL
15765,2015-08-10,64.4,64.99,64.38,64.92,1668772.0,AFL
15766,2015-08-11,64.12,64.52,63.84,64.24,1486303.0,AFL
15767,2015-08-12,63.88,64.27,63.11,64.11,2220936.0,AFL
15768,2015-08-13,64.13,64.61,63.96,64.17,1184667.0,AFL
15769,2015-08-14,64.2,64.78,64.14,64.76,1743079.0,AFL
15770,2015-08-17,63.97,64.58,63.5,64.53,1868704.0,AFL
15771,2015-08-18,64.35,64.64,64.3,64.58,1246625.0,AFL
15772,2015-08-19,63.7,63.96,62.75,63.05,4369346.0,AFL
15773,2015-08-20,62.49,62.66,61.22,61.25,3512163.0,AFL
15774,2015-08-21,60.68,61.04,59.17,59.2,3192797.0,AFL
15775,2015-08-24,55.66,57.95,51.41,56.29,5083877.0,AFL
15776,2015-08-25,57.98,57.98,55.17,55.23,3102473.0,AFL
15777,2015-08-26,56.57,57.04,55.63,56.92,3115442.0,AFL
15778,2015-08-27,57.81,58.77,57.35,58.63,2592032.0,AFL
15779,2015-08-28,58.3,58.72,58.02,58.67,2048725.0,AFL
15780,2015-08-31,58.12,58.81,57.92,58.6,2449251.0,AFL
15781,2015-09-01,57.21,57.61,56.43,56.65,2924044.0,AFL
15782,2015-09-02,57.38,57.51,56.6,57.45,2032035.0,AFL
15783,2015-09-03,57.65,58.09,57.3,57.55,2333658.0,AFL
15784,2015-09-04,56.69,56.95,56.19,56.39,2319383.0,AFL
15785,2015-09-08,57.34,57.59,57.12,57.57,3171391.0,AFL
15786,2015-09-09,58.49,58.68,56.9,56.99,2156752.0,AFL
15787,2015-09-10,57.66,57.96,57.06,57.7,2464264.0,AFL
15788,2015-09-11,57.46,58.17,57.36,58.14,2092934.0,AFL
15789,2015-09-14,58.11,58.22,57.64,57.8,1455522.0,AFL
15790,2015-09-15,58.14,58.76,57.9,58.57,1413537.0,AFL
15791,2015-09-16,58.56,58.97,58.36,58.84,1405011.0,AFL
15792,2015-09-17,58.9,59.08,57.94,58.11,2185729.0,AFL
15793,2015-09-18,57.13,57.7,56.92,57.15,3575919.0,AFL
15794,2015-09-21,57.45,58.05,57.3,57.7,1560811.0,AFL
15795,2015-09-22,56.88,57.27,56.61,57.04,1987221.0,AFL
15796,2015-09-23,57.1,57.5,56.81,57.42,1963404.0,AFL
15797,2015-09-24,56.83,57.63,56.83,57.49,2188687.0,AFL
15798,2015-09-25,57.97,58.38,57.58,57.83,1878032.0,AFL
15799,2015-09-28,57.37,57.55,56.82,57.01,1726353.0,AFL
15800,2015-09-29,57.11,57.81,56.88,57.72,1583302.0,AFL
15801,2015-09-30,58.3,58.7,57.81,58.13,1966742.0,AFL
15802,2015-10-01,58.14,58.47,57.52,57.96,1961921.0,AFL
15803,2015-10-02,56.9,58.48,56.78,58.47,2308614.0,AFL
15804,2015-10-05,58.8,59.6,58.59,59.32,1691880.0,AFL
15805,2015-10-06,59.22,59.64,59.06,59.43,1843063.0,AFL
15806,2015-10-07,59.84,60.39,58.82,60.29,1811325.0,AFL
15807,2015-10-08,60.17,61.01,59.94,60.81,1768252.0,AFL
15808,2015-10-09,60.86,61.31,60.43,60.76,1583777.0,AFL
15809,2015-10-12,60.77,61.04,60.6,60.83,1219931.0,AFL
15810,2015-10-13,60.53,61.17,60.44,60.51,1278338.0,AFL
15811,2015-10-14,60.4,60.4,59.6,59.74,1665454.0,AFL
15812,2015-10-15,60.29,60.96,59.79,60.9,1749106.0,AFL
15813,2015-10-16,61.16,61.55,61.03,61.34,1847753.0,AFL
15814,2015-10-19,61.17,61.42,60.78,61.03,1922569.0,AFL
15815,2015-10-20,61.07,61.42,60.32,61.28,3681333.0,AFL
15816,2015-10-21,61.53,61.74,61.26,61.34,2251968.0,AFL
15817,2015-10-22,61.7,62.55,61.66,62.22,2591295.0,AFL
15818,2015-10-23,62.51,63.47,62.4,63.45,3226067.0,AFL
15819,2015-10-26,63.37,63.7,63.22,63.51,3800816.0,AFL
15820,2015-10-27,63.14,63.72,62.87,63.15,3467257.0,AFL
15821,2015-10-28,63.02,65.19,62.28,63.98,4953831.0,AFL
15822,2015-10-29,64.03,64.6,63.47,64.42,2813586.0,AFL
15823,2015-10-30,64.4,64.5,63.75,63.75,3252827.0,AFL
15824,2015-11-02,63.93,64.6,63.92,64.51,1865967.0,AFL
15825,2015-11-03,64.18,64.44,63.88,64.04,2797383.0,AFL
15826,2015-11-04,64.04,64.37,63.87,64.17,2092787.0,AFL
15827,2015-11-05,64.19,64.51,63.98,64.17,1728469.0,AFL
15828,2015-11-06,64.32,64.99,64.0,64.32,3080436.0,AFL
15829,2015-11-09,64.3,64.36,63.3,63.56,2530883.0,AFL
15830,2015-11-10,63.45,64.57,63.45,64.31,2391401.0,AFL
15831,2015-11-11,64.42,64.6,64.12,64.37,2040836.0,AFL
15832,2015-11-12,63.76,64.34,63.29,63.32,2491640.0,AFL
15833,2015-11-13,63.27,63.58,62.88,63.22,2032560.0,AFL
15834,2015-11-16,62.68,63.68,62.27,63.67,2274832.0,AFL
15835,2015-11-17,63.8,64.21,63.3,63.5,2122562.0,AFL
15836,2015-11-18,63.75,65.0,63.47,64.92,2969617.0,AFL
15837,2015-11-19,64.99,65.42,64.76,65.37,2417687.0,AFL
15838,2015-11-20,65.52,66.23,65.31,65.66,2977102.0,AFL
15839,2015-11-23,65.7,65.89,65.33,65.4,1747166.0,AFL
15840,2015-11-24,64.91,65.61,64.88,65.39,1594105.0,AFL
15841,2015-11-25,65.39,65.54,65.06,65.1,1109328.0,AFL
15842,2015-11-27,65.3,65.6,65.12,65.3,937009.0,AFL
15843,2015-11-30,65.3,65.56,64.9,65.24,2628929.0,AFL
15844,2015-12-01,65.48,66.09,65.39,65.99,2192273.0,AFL
15845,2015-12-02,65.94,66.53,65.51,65.59,2098584.0,AFL
15846,2015-12-03,65.71,65.71,62.62,63.1,5218653.0,AFL
15847,2015-12-04,63.14,63.64,62.8,63.52,3477584.0,AFL
15848,2015-12-07,63.39,63.67,62.44,62.8,2718668.0,AFL
15849,2015-12-08,62.21,62.3,61.66,62.12,2588648.0,AFL
15850,2015-12-09,61.91,62.61,60.98,61.26,1959208.0,AFL
15851,2015-12-10,61.18,61.59,60.97,61.09,1587226.0,AFL
15852,2015-12-11,60.12,60.8,59.39,59.71,1956291.0,AFL
15853,2015-12-14,60.02,60.18,58.99,59.54,2375754.0,AFL
15854,2015-12-15,60.18,61.28,60.18,60.92,2604657.0,AFL
15855,2015-12-16,61.22,61.96,60.98,61.7,2014024.0,AFL
15856,2015-12-17,61.71,61.72,60.38,60.38,1978655.0,AFL
15857,2015-12-18,59.97,60.0,58.29,58.29,3464933.0,AFL
15858,2015-12-21,58.39,58.9,58.09,58.48,1864627.0,AFL
15859,2015-12-22,58.58,59.48,58.49,59.28,1717771.0,AFL
15860,2015-12-23,59.8,60.42,59.66,60.32,1185523.0,AFL
15861,2015-12-24,60.21,60.54,60.0,60.18,883655.0,AFL
15862,2015-12-28,59.97,60.42,59.81,60.39,1402611.0,AFL
15863,2015-12-29,60.77,61.16,60.51,60.94,1194884.0,AFL
15864,2015-12-30,60.85,61.06,60.42,60.52,933246.0,AFL
15865,2015-12-31,60.15,60.55,59.85,59.9,1025769.0,AFL
15866,2016-01-04,58.79,59.18,58.2,59.18,2469262.0,AFL
15867,2016-01-05,59.17,59.63,58.74,59.1,2049962.0,AFL
15868,2016-01-06,58.33,58.61,57.95,58.2,1863736.0,AFL
15869,2016-01-07,57.12,58.0,56.93,57.21,2353018.0,AFL
15870,2016-01-08,57.67,57.79,56.61,56.71,2230386.0,AFL
15871,2016-01-11,57.02,57.29,56.27,57.08,2011792.0,AFL
15872,2016-01-12,57.63,57.94,57.02,57.8,2372495.0,AFL
15873,2016-01-13,58.32,58.84,56.67,56.91,2792521.0,AFL
15874,2016-01-14,57.02,57.89,56.51,57.32,2709359.0,AFL
15875,2016-01-15,56.02,57.03,55.88,56.61,3439869.0,AFL
15876,2016-01-19,57.08,57.27,56.11,56.49,2764877.0,AFL
15877,2016-01-20,55.45,56.18,54.57,55.55,2939233.0,AFL
15878,2016-01-21,55.74,56.46,55.35,55.82,2422421.0,AFL
15879,2016-01-22,56.72,57.32,56.55,57.27,2193571.0,AFL
15880,2016-01-25,57.24,57.63,56.44,56.55,3140840.0,AFL
15881,2016-01-26,57.03,57.81,56.94,57.52,1588448.0,AFL
15882,2016-01-27,57.41,58.27,56.91,57.45,2511318.0,AFL
15883,2016-01-28,57.89,58.49,57.41,58.31,2118432.0,AFL
15884,2016-01-29,57.98,58.09,56.55,57.96,5169219.0,AFL
15885,2016-02-01,57.36,57.56,56.31,56.51,5640102.0,AFL
15886,2016-02-02,56.73,58.62,55.74,57.28,4999108.0,AFL
15887,2016-02-03,58.4,58.83,56.08,57.32,2557142.0,AFL
15888,2016-02-04,57.14,58.11,56.96,58.02,2270767.0,AFL
15889,2016-02-05,57.97,58.49,57.66,58.21,2276936.0,AFL
15890,2016-02-08,57.39,58.2,57.04,58.0,2620512.0,AFL
15891,2016-02-09,57.51,58.36,57.05,57.93,2695004.0,AFL
15892,2016-02-10,58.3,58.86,57.43,57.49,2228388.0,AFL
15893,2016-02-11,55.61,56.6,55.24,55.6,3412220.0,AFL
15894,2016-02-12,56.52,57.38,56.26,57.31,2595310.0,AFL
15895,2016-02-16,58.1,58.36,57.35,58.13,2555897.0,AFL
15896,2016-02-17,58.75,59.37,58.7,59.07,2203791.0,AFL
15897,2016-02-18,59.08,59.41,58.81,59.16,2078657.0,AFL
15898,2016-02-19,58.98,59.35,58.54,59.32,2713581.0,AFL
15899,2016-02-22,59.81,60.06,59.43,59.7,2139506.0,AFL
15900,2016-02-23,59.64,59.78,59.25,59.37,1573849.0,AFL
15901,2016-02-24,58.73,59.82,58.46,59.63,1683079.0,AFL
15902,2016-02-25,59.72,60.35,59.15,60.33,1716729.0,AFL
15903,2016-02-26,60.58,60.77,60.02,60.17,2084049.0,AFL
15904,2016-02-29,60.18,60.44,59.52,59.52,2075135.0,AFL
15905,2016-03-01,59.92,61.16,59.92,61.07,2462771.0,AFL
15906,2016-03-02,61.02,61.45,60.78,61.41,2081083.0,AFL
15907,2016-03-03,61.26,61.38,60.75,60.98,2457356.0,AFL
15908,2016-03-04,61.23,61.37,60.69,61.03,2065201.0,AFL
15909,2016-03-07,60.58,60.98,60.37,60.55,2505098.0,AFL
15910,2016-03-08,60.11,60.58,59.32,60.06,2938431.0,AFL
15911,2016-03-09,60.43,60.77,59.66,60.43,2526389.0,AFL
15912,2016-03-10,60.53,61.0,59.87,60.37,1905762.0,AFL
15913,2016-03-11,61.12,62.35,60.96,62.27,2453894.0,AFL
15914,2016-03-14,61.84,62.08,61.51,61.65,2064983.0,AFL
15915,2016-03-15,61.23,61.66,61.05,61.55,1815152.0,AFL
15916,2016-03-16,61.45,62.62,61.25,62.46,2679744.0,AFL
15917,2016-03-17,62.33,63.78,61.86,63.39,2804301.0,AFL
15918,2016-03-18,63.66,63.95,63.01,63.52,3881382.0,AFL
15919,2016-03-21,63.25,63.68,63.12,63.28,1504749.0,AFL
15920,2016-03-22,63.06,63.73,62.85,63.34,1776940.0,AFL
15921,2016-03-23,63.46,63.67,63.19,63.4,1918077.0,AFL
15922,2016-03-24,62.91,62.94,62.34,62.7,1744713.0,AFL
15923,2016-03-28,62.79,63.41,62.79,63.16,1567152.0,AFL
15924,2016-03-29,62.93,63.35,62.65,63.18,1443477.0,AFL
15925,2016-03-30,63.5,64.33,63.4,63.73,1565902.0,AFL
15926,2016-03-31,63.73,63.97,63.08,63.14,2325630.0,AFL
15927,2016-04-01,63.0,64.17,62.83,64.12,2213453.0,AFL
15928,2016-04-04,64.14,64.15,63.46,63.59,1851491.0,AFL
15929,2016-04-05,63.21,64.1,63.21,63.72,2237972.0,AFL
15930,2016-04-06,63.71,63.92,63.23,63.66,1624039.0,AFL
15931,2016-04-07,63.18,63.63,62.59,63.0,1765851.0,AFL
15932,2016-04-08,63.48,64.09,63.45,63.91,2312333.0,AFL
15933,2016-04-11,64.02,64.61,63.92,64.04,2143816.0,AFL
15934,2016-04-12,64.27,65.6,64.08,65.53,3533886.0,AFL
15935,2016-04-13,65.94,66.45,65.75,66.45,2439417.0,AFL
15936,2016-04-14,66.8,67.34,66.67,66.97,2533178.0,AFL
15937,2016-04-15,66.91,67.23,66.65,66.88,2201271.0,AFL
15938,2016-04-18,66.73,67.3,66.42,67.21,2029913.0,AFL
15939,2016-04-19,67.25,67.63,67.17,67.56,2653386.0,AFL
15940,2016-04-20,67.77,68.31,67.63,68.05,2814633.0,AFL
15941,2016-04-21,67.55,68.08,67.34,67.4,1965317.0,AFL
15942,2016-04-22,67.51,68.16,67.44,67.92,2638853.0,AFL
15943,2016-04-25,67.64,68.0,67.21,67.87,1913868.0,AFL
15944,2016-04-26,68.04,68.68,67.74,68.0,2723348.0,AFL
15945,2016-04-27,67.9,69.47,67.82,69.32,3079990.0,AFL
15946,2016-04-28,69.06,69.6,68.76,69.01,2755777.0,AFL
15947,2016-04-29,68.82,69.22,68.52,68.97,3024505.0,AFL
15948,2016-05-02,68.47,69.3,68.34,69.13,2273343.0,AFL
15949,2016-05-03,68.77,69.04,68.26,68.97,2841869.0,AFL
15950,2016-05-04,68.62,68.76,68.02,68.43,2145924.0,AFL
15951,2016-05-05,68.48,68.98,68.41,68.66,1971633.0,AFL
15952,2016-05-06,68.42,68.91,68.18,68.85,1600759.0,AFL
15953,2016-05-09,68.65,68.98,68.39,68.64,1470685.0,AFL
15954,2016-05-10,68.42,69.24,68.23,69.18,1917099.0,AFL
15955,2016-05-11,68.74,69.3,68.55,68.76,1503624.0,AFL
15956,2016-05-12,69.21,69.44,68.77,69.24,2336879.0,AFL
15957,2016-05-13,69.12,69.69,68.8,68.87,1916613.0,AFL
15958,2016-05-16,68.56,69.28,68.46,69.02,3106510.0,AFL
15959,2016-05-17,69.03,69.15,68.26,68.44,2175101.0,AFL
15960,2016-05-18,68.41,69.39,68.25,69.0,3049156.0,AFL
15961,2016-05-19,68.84,68.96,68.02,68.6,2329306.0,AFL
15962,2016-05-20,68.68,68.85,68.43,68.73,2518104.0,AFL
15963,2016-05-23,68.47,68.65,68.22,68.5,1832954.0,AFL
15964,2016-05-24,68.78,69.8,68.78,69.55,3240046.0,AFL
15965,2016-05-25,69.95,70.09,69.71,69.85,1644193.0,AFL
15966,2016-05-26,69.77,69.9,69.15,69.18,2297324.0,AFL
15967,2016-05-27,69.25,69.56,69.17,69.56,1910306.0,AFL
15968,2016-05-31,69.66,69.86,68.9,69.46,2623415.0,AFL
15969,2016-06-01,69.01,69.5,68.75,69.41,1792558.0,AFL
15970,2016-06-02,69.23,69.59,68.97,69.58,2670123.0,AFL
15971,2016-06-03,68.97,69.34,68.53,69.12,1958477.0,AFL
15972,2016-06-06,69.36,69.8,68.87,69.35,1612274.0,AFL
15973,2016-06-07,69.54,69.74,69.22,69.31,1699705.0,AFL
15974,2016-06-08,69.23,69.96,69.09,69.9,1809726.0,AFL
15975,2016-06-09,69.55,69.78,69.25,69.7,1542744.0,AFL
15976,2016-06-10,68.96,69.34,68.8,68.95,1509618.0,AFL
15977,2016-06-13,68.78,69.07,68.29,68.37,1869668.0,AFL
15978,2016-06-14,68.29,68.6,68.1,68.31,1538735.0,AFL
15979,2016-06-15,68.51,68.73,68.11,68.16,1498700.0,AFL
15980,2016-06-16,67.64,68.82,67.42,68.81,1420160.0,AFL
15981,2016-06-17,68.78,69.09,68.54,68.79,2248342.0,AFL
15982,2016-06-20,69.75,70.21,69.68,69.78,1855280.0,AFL
15983,2016-06-21,70.05,70.62,69.88,70.55,2010932.0,AFL
15984,2016-06-22,70.69,71.06,70.55,70.84,2012774.0,AFL
15985,2016-06-23,71.6,71.97,71.26,71.77,2269620.0,AFL
15986,2016-06-24,68.68,70.49,68.56,69.26,3995149.0,AFL
15987,2016-06-27,68.45,68.59,67.13,67.33,3561024.0,AFL
15988,2016-06-28,68.32,69.11,67.82,68.85,2463956.0,AFL
15989,2016-06-29,69.22,70.12,69.07,70.08,1993768.0,AFL
15990,2016-06-30,70.19,72.17,70.0,72.16,2574177.0,AFL
15991,2016-07-01,72.19,72.8,72.01,72.5,1847439.0,AFL
15992,2016-07-05,71.94,72.0,71.28,71.5,2082045.0,AFL
15993,2016-07-06,71.27,72.22,71.18,72.21,2291282.0,AFL
15994,2016-07-07,72.15,72.16,71.02,71.42,1958020.0,AFL
15995,2016-07-08,72.26,72.76,71.91,72.49,1725837.0,AFL
15996,2016-07-11,72.5,73.06,72.5,72.66,1883046.0,AFL
15997,2016-07-12,73.04,73.53,73.0,73.2,1488280.0,AFL
15998,2016-07-13,73.36,73.6,73.11,73.28,1900162.0,AFL
15999,2016-07-14,74.0,74.11,73.7,73.7,2385399.0,AFL
16000,2016-07-15,73.93,74.14,73.21,73.36,2564606.0,AFL
16001,2016-07-18,73.37,73.63,73.19,73.21,1502255.0,AFL
16002,2016-07-19,73.05,73.52,72.9,73.21,1424604.0,AFL
16003,2016-07-20,73.65,73.76,73.3,73.45,1339873.0,AFL
16004,2016-07-21,73.51,73.62,73.16,73.33,1022238.0,AFL
16005,2016-07-22,73.47,73.5,73.17,73.49,1385763.0,AFL
16006,2016-07-25,73.61,73.61,73.13,73.25,1024769.0,AFL
16007,2016-07-26,73.39,73.73,73.26,73.69,1534154.0,AFL
16008,2016-07-27,73.59,73.95,73.34,73.36,1534851.0,AFL
16009,2016-07-28,73.12,73.51,72.83,73.32,1972684.0,AFL
16010,2016-07-29,71.87,73.88,71.12,72.28,3397376.0,AFL
16011,2016-08-01,71.91,72.24,71.33,71.58,2671631.0,AFL
16012,2016-08-02,71.64,71.8,71.15,71.62,1750683.0,AFL
16013,2016-08-03,71.79,72.25,71.53,71.97,1816493.0,AFL
16014,2016-08-04,71.79,72.07,71.51,71.96,1476305.0,AFL
16015,2016-08-05,72.42,73.32,72.21,73.07,1829361.0,AFL
16016,2016-08-08,73.22,73.34,72.93,73.08,1269612.0,AFL
16017,2016-08-09,73.0,73.2,72.72,73.11,1425238.0,AFL
16018,2016-08-10,73.06,73.18,72.92,73.17,1776759.0,AFL
16019,2016-08-11,73.2,73.86,73.05,73.07,2260598.0,AFL
16020,2016-08-12,72.89,73.15,72.6,72.69,1243341.0,AFL
16021,2016-08-15,72.96,73.15,72.64,72.68,1895732.0,AFL
16022,2016-08-16,72.63,72.65,72.2,72.2,1420362.0,AFL
16023,2016-08-17,72.41,72.69,72.25,72.67,1372103.0,AFL
16024,2016-08-18,72.75,72.75,71.97,72.26,1669467.0,AFL
16025,2016-08-19,72.03,73.04,71.67,72.88,1779549.0,AFL
16026,2016-08-22,72.25,72.68,72.12,72.64,1111633.0,AFL
16027,2016-08-23,72.7,72.99,72.69,72.78,1210290.0,AFL
16028,2016-08-24,72.7,72.86,72.56,72.7,1331791.0,AFL
16029,2016-08-25,72.52,73.05,72.51,72.99,2153858.0,AFL
16030,2016-08-26,72.95,73.58,72.42,72.75,2050389.0,AFL
16031,2016-08-29,72.95,73.99,72.92,73.7,1368364.0,AFL
16032,2016-08-30,73.78,74.37,73.78,74.28,1380634.0,AFL
16033,2016-08-31,74.37,74.5,73.62,74.18,1736987.0,AFL
16034,2016-09-01,74.28,74.36,73.37,73.87,1415585.0,AFL
16035,2016-09-02,74.08,74.36,73.65,73.99,1184142.0,AFL
16036,2016-09-06,73.95,73.95,73.32,73.66,1247337.0,AFL
16037,2016-09-07,73.47,73.78,73.26,73.53,1150773.0,AFL
16038,2016-09-08,73.54,73.55,72.9,72.94,1608004.0,AFL
16039,2016-09-09,72.81,73.34,72.4,72.4,2261111.0,AFL
16040,2016-09-12,72.07,73.67,71.72,73.42,2717870.0,AFL
16041,2016-09-13,72.64,72.75,71.69,71.83,2141411.0,AFL
16042,2016-09-14,71.87,72.26,71.6,71.8,1723052.0,AFL
16043,2016-09-15,71.83,72.46,71.81,72.34,1515737.0,AFL
16044,2016-09-16,72.02,72.02,71.3,71.34,2413941.0,AFL
16045,2016-09-19,71.67,72.32,71.6,72.02,2000808.0,AFL
16046,2016-09-20,72.54,72.92,72.15,72.45,1435320.0,AFL
16047,2016-09-21,72.92,73.53,72.79,73.5,1746269.0,AFL
16048,2016-09-22,73.69,73.95,73.45,73.52,1477723.0,AFL
16049,2016-09-23,73.36,73.5,72.74,72.74,1334120.0,AFL
16050,2016-09-26,72.31,72.39,71.75,72.02,1537909.0,AFL
16051,2016-09-27,71.87,72.61,71.5,72.42,1338661.0,AFL
16052,2016-09-28,72.44,72.66,71.91,72.47,1058924.0,AFL
16053,2016-09-29,72.42,72.57,71.27,71.56,1280265.0,AFL
16054,2016-09-30,71.85,72.28,71.56,71.87,1546004.0,AFL
16055,2016-10-03,71.62,71.94,71.25,71.57,1555931.0,AFL
16056,2016-10-04,71.7,71.83,71.2,71.5,2665489.0,AFL
16057,2016-10-05,71.72,72.08,71.66,71.9,1618558.0,AFL
16058,2016-10-06,72.06,72.2,71.65,72.07,1197572.0,AFL
16059,2016-10-07,71.67,72.02,71.24,71.38,1246319.0,AFL
16060,2016-10-10,71.64,72.02,71.55,71.68,1036140.0,AFL
16061,2016-10-11,71.59,71.64,70.73,70.98,1350623.0,AFL
16062,2016-10-12,71.02,71.73,71.01,71.62,1611941.0,AFL
16063,2016-10-13,71.0,71.26,70.16,70.61,1590701.0,AFL
16064,2016-10-14,71.14,71.77,70.91,70.96,1214704.0,AFL
16065,2016-10-17,70.98,71.0,70.56,70.62,1296800.0,AFL
16066,2016-10-18,71.12,71.22,70.12,70.3,1910614.0,AFL
16067,2016-10-19,70.51,71.0,70.41,70.54,2153067.0,AFL
16068,2016-10-20,70.32,70.54,69.66,69.76,1721620.0,AFL
16069,2016-10-21,69.17,69.55,68.67,69.38,1766431.0,AFL
16070,2016-10-24,69.73,70.14,69.63,70.02,1377685.0,AFL
16071,2016-10-25,70.0,70.0,69.32,69.64,1313114.0,AFL
16072,2016-10-26,69.24,70.01,69.24,69.8,1206881.0,AFL
16073,2016-10-27,70.17,70.39,69.56,70.21,2270530.0,AFL
16074,2016-10-28,70.48,70.99,68.22,68.51,2726381.0,AFL
16075,2016-10-31,68.86,69.18,68.72,68.87,2136969.0,AFL
16076,2016-11-01,69.18,69.21,67.92,68.39,1797823.0,AFL
16077,2016-11-02,68.39,68.81,68.17,68.39,1147293.0,AFL
16078,2016-11-03,68.72,69.22,68.58,68.84,1686037.0,AFL
16079,2016-11-04,69.0,69.06,68.37,68.56,1976387.0,AFL
16080,2016-11-07,69.48,69.72,69.36,69.59,1669362.0,AFL
16081,2016-11-08,69.59,70.43,69.34,70.09,1548698.0,AFL
16082,2016-11-09,70.44,72.07,69.85,71.6,2518511.0,AFL
16083,2016-11-10,72.22,73.95,71.72,73.25,2908887.0,AFL
16084,2016-11-11,72.83,73.31,72.28,72.61,1845929.0,AFL
16085,2016-11-14,72.72,73.56,72.18,72.28,2514119.0,AFL
16086,2016-11-15,72.07,72.5,71.58,72.5,2012955.0,AFL
16087,2016-11-16,72.08,72.34,71.75,71.83,1808918.0,AFL
16088,2016-11-17,71.77,72.62,71.65,72.39,1586830.0,AFL
16089,2016-11-18,72.36,72.77,72.15,72.5,2493856.0,AFL
16090,2016-11-21,72.52,72.85,71.55,71.65,2096857.0,AFL
16091,2016-11-22,71.78,71.8,70.95,71.18,2185312.0,AFL
16092,2016-11-23,71.45,71.89,71.11,71.62,1579666.0,AFL
16093,2016-11-25,71.62,71.91,71.34,71.73,594374.0,AFL
16094,2016-11-28,71.31,71.61,70.83,70.99,1442582.0,AFL
16095,2016-11-29,71.11,71.61,71.07,71.28,1143129.0,AFL
16096,2016-11-30,71.76,71.93,71.25,71.38,2149609.0,AFL
16097,2016-12-01,71.52,71.6,70.13,70.48,2972782.0,AFL
16098,2016-12-02,70.0,70.26,68.15,68.29,4695274.0,AFL
16099,2016-12-05,68.64,68.99,68.18,68.69,3036291.0,AFL
16100,2016-12-06,68.75,68.85,68.15,68.58,3293893.0,AFL
16101,2016-12-07,68.54,69.59,68.4,69.46,2362297.0,AFL
16102,2016-12-08,69.76,70.15,69.42,69.62,2309256.0,AFL
16103,2016-12-09,68.78,69.21,67.5,69.06,4460264.0,AFL
16104,2016-12-12,68.95,69.23,68.52,68.96,3344248.0,AFL
16105,2016-12-13,69.33,70.14,69.32,69.98,2869636.0,AFL
16106,2016-12-14,69.69,70.8,69.42,69.72,3188664.0,AFL
16107,2016-12-15,69.75,70.35,69.21,69.27,3347909.0,AFL
16108,2016-12-16,69.39,69.62,69.02,69.41,2991221.0,AFL
16109,2016-12-19,69.21,69.81,68.79,69.79,1803409.0,AFL
16110,2016-12-20,69.85,70.31,69.54,69.86,1743049.0,AFL
16111,2016-12-21,69.86,70.68,69.86,70.3,1284297.0,AFL
16112,2016-12-22,70.15,70.46,69.69,70.38,1354948.0,AFL
16113,2016-12-23,70.37,70.41,69.95,70.15,1074013.0,AFL
16114,2016-12-27,70.16,70.71,70.03,70.4,883346.0,AFL
16115,2016-12-28,70.22,70.29,69.7,69.8,1569301.0,AFL
16116,2016-12-29,69.86,70.13,69.8,69.83,1388343.0,AFL
16117,2016-12-30,70.02,70.14,69.43,69.6,1193900.0,AFL
16118,2017-01-03,70.09,70.34,69.32,69.77,2324808.0,AFL
16119,2017-01-04,70.0,70.75,69.81,70.41,1946700.0,AFL
16120,2017-01-05,70.29,70.62,69.61,69.95,2240193.0,AFL
16121,2017-01-06,70.19,70.64,69.78,70.19,2234016.0,AFL
16122,2017-01-09,69.89,70.15,69.38,69.52,1811813.0,AFL
16123,2017-01-10,69.51,70.1,69.14,69.43,2694535.0,AFL
16124,2017-01-11,69.51,69.91,69.27,69.86,2161218.0,AFL
16125,2017-01-12,69.45,70.1,69.04,69.57,2783793.0,AFL
16126,2017-01-13,69.77,70.2,68.86,69.64,2009302.0,AFL
16127,2017-01-17,69.13,70.12,69.09,69.88,3217341.0,AFL
16128,2017-01-18,70.07,70.24,69.38,69.97,2386952.0,AFL
16129,2017-01-19,70.06,70.24,68.84,69.46,2293582.0,AFL
16130,2017-01-20,69.92,70.18,69.62,70.08,2406308.0,AFL
16131,2017-01-23,70.0,70.04,69.14,69.35,1771424.0,AFL
16132,2017-01-24,69.67,69.96,69.34,69.82,2508770.0,AFL
16133,2017-01-25,70.11,70.58,69.96,70.46,3582985.0,AFL
16134,2017-01-26,70.55,70.77,70.38,70.56,2985851.0,AFL
16135,2017-01-27,70.41,70.55,70.0,70.27,1200788.0,AFL
16136,2017-01-30,70.25,70.52,69.86,70.35,2392567.0,AFL
16137,2017-01-31,70.31,70.76,69.61,69.99,3790654.0,AFL
16138,2017-02-01,69.0,69.95,66.6,67.14,4609537.0,AFL
16139,2017-02-02,66.77,68.13,66.5,67.83,2686827.0,AFL
16140,2017-02-03,68.9,68.92,68.2,68.61,2139173.0,AFL
16141,2017-02-06,68.4,69.05,68.17,68.93,1826210.0,AFL
16142,2017-02-07,69.22,69.28,68.62,68.97,1855283.0,AFL
16143,2017-02-08,68.95,69.76,68.8,69.64,2111454.0,AFL
16144,2017-02-09,69.9,70.07,69.51,69.9,2419046.0,AFL
16145,2017-02-10,70.0,70.1,69.91,69.98,2132011.0,AFL
16146,2017-02-13,69.81,71.25,69.81,70.98,3005770.0,AFL
16147,2017-02-14,70.86,71.22,70.7,71.04,2167057.0,AFL
16148,2017-02-15,70.87,71.22,70.71,71.0,2264590.0,AFL
16149,2017-02-16,70.7,71.34,70.64,71.19,2399047.0,AFL
16150,2017-02-17,70.93,71.13,70.34,71.1,2081865.0,AFL
16151,2017-02-21,71.12,71.74,71.12,71.42,1821930.0,AFL
16152,2017-02-22,71.06,71.48,70.98,71.16,1758088.0,AFL
16153,2017-02-23,71.2,71.72,71.2,71.72,1398646.0,AFL
16154,2017-02-24,71.24,71.73,71.13,71.71,1571438.0,AFL
16155,2017-02-27,71.98,72.47,71.74,72.33,1831589.0,AFL
16156,2017-02-28,72.15,72.58,72.04,72.35,3192237.0,AFL
16157,2017-03-01,73.0,73.33,72.81,72.98,2683646.0,AFL
16158,2017-03-02,72.87,72.94,72.15,72.19,1903104.0,AFL
16159,2017-03-03,72.27,72.54,72.14,72.27,1365517.0,AFL
16160,2017-03-06,71.86,72.43,71.82,72.19,1221606.0,AFL
16161,2017-03-07,72.16,72.25,71.82,71.95,1346009.0,AFL
16162,2017-03-08,72.4,72.58,71.89,71.89,1723611.0,AFL
16163,2017-03-09,72.34,72.47,71.9,72.09,1670301.0,AFL
16164,2017-03-10,72.37,72.72,71.66,72.02,1515421.0,AFL
16165,2017-03-13,72.08,72.26,71.8,72.05,1608887.0,AFL
16166,2017-03-14,71.92,72.0,71.57,71.84,1604875.0,AFL
16167,2017-03-15,71.85,72.4,71.58,72.35,1948090.0,AFL
16168,2017-03-16,72.31,72.84,72.25,72.4,2003234.0,AFL
16169,2017-03-17,72.52,72.93,71.95,72.53,3079140.0,AFL
16170,2017-03-20,72.34,72.54,72.01,72.24,1149733.0,AFL
16171,2017-03-21,72.44,72.6,71.29,71.41,2325200.0,AFL
16172,2017-03-22,71.19,71.78,70.64,71.64,1624114.0,AFL
16173,2017-03-23,71.59,72.55,71.4,72.0,1552290.0,AFL
16174,2017-03-24,72.04,72.53,71.78,71.99,1708966.0,AFL
16175,2017-03-27,71.2,72.0,71.07,71.84,2732577.0,AFL
16176,2017-03-28,71.7,72.66,71.68,72.31,2364700.0,AFL
16177,2017-03-29,71.99,72.13,71.3,71.58,1722923.0,AFL
16178,2017-03-30,71.45,72.53,71.45,72.32,2365204.0,AFL
16179,2017-03-31,72.15,72.63,72.14,72.42,2135524.0,AFL
16180,2017-04-03,72.76,72.94,72.08,72.66,2406067.0,AFL
16181,2017-04-04,72.55,72.74,72.4,72.61,1519399.0,AFL
16182,2017-04-05,72.78,73.14,72.16,72.19,3032592.0,AFL
16183,2017-04-06,72.63,73.29,72.22,72.95,3398937.0,AFL
16184,2017-04-07,72.67,73.18,72.64,72.9,2923652.0,AFL
16185,2017-04-10,72.99,73.88,72.92,73.55,3754514.0,AFL
16186,2017-04-11,73.3,73.75,73.13,73.75,1899019.0,AFL
16187,2017-04-12,73.17,73.66,73.01,73.35,2204738.0,AFL
16188,2017-04-13,73.15,73.62,72.99,73.0,1505940.0,AFL
16189,2017-04-17,73.15,73.53,73.11,73.53,1995645.0,AFL
16190,2017-04-18,73.63,74.18,73.52,73.88,2689896.0,AFL
16191,2017-04-19,74.18,74.36,73.42,73.57,1769510.0,AFL
16192,2017-04-20,73.85,74.49,73.45,74.17,1541697.0,AFL
16193,2017-04-21,74.14,74.69,73.96,73.99,1768788.0,AFL
16194,2017-04-24,74.98,75.09,74.41,74.65,1880470.0,AFL
16195,2017-04-25,75.02,75.22,74.85,75.01,1826065.0,AFL
16196,2017-04-26,74.86,75.34,74.57,74.8,2215723.0,AFL
16197,2017-04-27,75.01,75.23,74.74,75.05,1778986.0,AFL
16198,2017-04-28,75.23,76.88,74.77,74.88,2299000.0,AFL
16199,2017-05-01,75.06,75.21,74.43,74.44,1901854.0,AFL
16200,2017-05-02,74.41,75.07,74.41,75.02,1405621.0,AFL
16201,2017-05-03,74.91,75.04,74.53,74.76,1327942.0,AFL
16202,2017-05-04,75.06,75.33,74.09,74.39,2156372.0,AFL
16203,2017-05-05,74.52,74.57,74.04,74.35,1189189.0,AFL
16204,2017-05-08,74.45,74.49,74.0,74.33,1463282.0,AFL
16205,2017-05-09,74.34,74.54,73.74,73.86,1414980.0,AFL
16206,2017-05-10,73.74,74.46,73.71,74.43,1885550.0,AFL
16207,2017-05-11,74.12,74.23,73.67,73.96,1323921.0,AFL
16208,2017-05-12,73.66,73.93,73.35,73.43,1161747.0,AFL
16209,2017-05-15,73.61,73.9,73.51,73.73,1174338.0,AFL
16210,2017-05-16,73.78,73.88,73.57,73.74,1148588.0,AFL
16211,2017-05-17,72.98,73.94,72.81,73.62,2552136.0,AFL
16212,2017-05-18,73.62,74.15,73.41,73.72,1721455.0,AFL
16213,2017-05-19,73.79,74.0,73.54,73.87,2280395.0,AFL
16214,2017-05-22,73.83,74.32,73.75,73.9,1639331.0,AFL
16215,2017-05-23,73.95,74.28,73.87,74.13,1236493.0,AFL
16216,2017-05-24,74.17,74.28,73.67,73.83,1382157.0,AFL
16217,2017-05-25,73.87,74.79,73.81,74.71,1309404.0,AFL
16218,2017-05-26,74.6,74.88,74.45,74.84,956809.0,AFL
16219,2017-05-30,74.7,75.34,74.58,75.14,1534817.0,AFL
16220,2017-05-31,75.14,75.4,74.86,75.38,2674283.0,AFL
16221,2017-06-01,75.64,75.96,75.25,75.93,1461877.0,AFL
16222,2017-06-02,75.81,76.24,75.61,75.93,1414886.0,AFL
16223,2017-06-05,75.9,76.27,75.65,75.76,1022805.0,AFL
16224,2017-06-06,75.46,75.63,74.71,74.79,1171364.0,AFL
16225,2017-06-07,74.91,75.19,74.55,74.93,1256902.0,AFL
16226,2017-06-08,75.09,75.58,74.97,75.2,2027058.0,AFL
16227,2017-06-09,75.38,78.15,75.31,78.0,3514522.0,AFL
16228,2017-06-12,77.91,78.1,76.76,77.62,2138840.0,AFL
16229,2017-06-13,77.67,78.04,77.55,77.9,1352022.0,AFL
16230,2017-06-14,77.36,78.26,77.35,78.1,1894476.0,AFL
16231,2017-06-15,77.69,77.94,77.54,77.8,1677961.0,AFL
16232,2017-06-16,77.95,78.38,77.66,78.38,2775441.0,AFL
16233,2017-06-19,78.62,79.86,78.52,79.26,2745790.0,AFL
16234,2017-06-20,79.05,79.4,78.68,78.71,1171917.0,AFL
16235,2017-06-21,78.76,78.9,77.91,77.97,1593821.0,AFL
16236,2017-06-22,77.99,77.99,77.27,77.32,1407420.0,AFL
16237,2017-06-23,77.53,78.04,77.32,77.6,2213329.0,AFL
16238,2017-06-26,77.87,78.07,77.28,77.51,1341601.0,AFL
16239,2017-06-27,77.75,78.12,77.53,77.77,1346813.0,AFL
16240,2017-06-28,78.3,78.86,78.09,78.31,1414537.0,AFL
16241,2017-06-29,78.84,79.04,77.21,77.6,1672903.0,AFL
16242,2017-06-30,77.92,78.24,77.43,77.68,1520895.0,AFL
16243,2017-07-03,78.11,79.33,77.88,78.42,937790.0,AFL
16244,2017-07-05,78.42,78.72,78.12,78.3,1141438.0,AFL
16245,2017-07-06,78.33,78.39,77.48,77.53,1893980.0,AFL
16246,2017-07-07,77.74,78.34,77.62,77.98,1432117.0,AFL
16247,2017-07-10,77.82,78.09,77.57,77.65,1263961.0,AFL
16248,2017-07-11,77.8,77.9,77.26,77.64,996667.0,AFL
16249,2017-07-12,77.56,77.94,77.43,77.65,994475.0,AFL
16250,2017-07-13,77.65,78.03,77.54,77.9,815760.0,AFL
16251,2017-07-14,77.61,78.24,77.2,77.87,1163529.0,AFL
16252,2017-07-17,77.81,78.14,77.45,77.75,1165992.0,AFL
16253,2017-07-18,77.38,77.99,77.21,77.87,789984.0,AFL
16254,2017-07-19,77.97,78.12,77.65,77.89,950362.0,AFL
16255,2017-07-20,77.73,78.32,77.51,77.68,1293618.0,AFL
16256,2017-07-21,77.54,77.79,77.32,77.57,1327164.0,AFL
16257,2017-07-24,77.58,77.73,77.51,77.62,1060173.0,AFL
16258,2017-07-25,78.18,78.37,77.84,78.06,1104878.0,AFL
16259,2017-07-26,77.99,78.2,77.12,77.35,1698054.0,AFL
16260,2017-07-27,77.35,77.38,76.62,77.12,2507196.0,AFL
16261,2017-07-28,77.47,79.84,77.47,79.38,2649964.0,AFL
16262,2017-07-31,,79.91,,79.75,2957831.0,AFL
16263,2017-08-01,80.09,80.94,79.62,80.89,1854952.0,AFL
16264,2017-08-02,80.66,81.24,80.51,81.16,1260665.0,AFL
16265,2017-08-03,81.08,81.45,80.81,80.97,1265578.0,AFL
16266,2017-08-04,81.29,81.33,80.74,81.16,1141930.0,AFL
16267,2017-08-07,81.14,81.55,80.91,81.1,1277131.0,AFL
16268,2017-08-08,81.08,81.58,81.03,81.24,1192534.0,AFL
16269,2017-08-09,81.11,81.8,80.73,81.77,1542256.0,AFL
16270,2017-08-10,81.25,81.55,80.81,80.82,1666411.0,AFL
16271,2017-08-11,80.67,81.23,80.67,80.75,1372192.0,AFL
